Date,WindGustDir,WindGustSpeed,WindDir9am,WindDir3pm,WindSpeed9am,WindSpeed3pm
2013-03-01,WNW,43.0,NW,W,17.0,19.0
2013-03-02,WNW,26.0,WNW,SW,11.0,7.0
2013-03-03,S,48.0,WSW,SW,13.0,15.0
2013-03-04,W,37.0,NW,WNW,13.0,20.0
2013-03-05,NW,30.0,WNW,WNW,13.0,13.0
2013-03-06,NNE,46.0,NNW,WNW,19.0,13.0
2013-03-07,NW,26.0,WNW,W,17.0,11.0
2013-03-08,NNW,39.0,W,N,9.0,9.0
2013-03-09,SSE,61.0,ESE,WNW,22.0,13.0
2013-03-10,SSW,46.0,W,S,9.0,9.0
2013-03-11,SSE,31.0,S,SSE,4.0,15.0
2013-03-12,SSW,20.0,,S,0.0,9.0
2013-03-13,NE,59.0,WNW,WNW,13.0,15.0
2013-03-14,NW,30.0,NNW,WSW,13.0,13.0
2013-03-15,E,74.0,WNW,W,20.0,11.0
2013-03-16,SE,63.0,WNW,S,11.0,9.0
2013-03-17,ENE,24.0,NNW,E,9.0,9.0
2013-03-18,WNW,22.0,NW,E,4.0,7.0
2013-03-19,NE,35.0,N,WSW,11.0,9.0
2013-03-20,SE,22.0,NW,NNW,15.0,6.0
2013-03-21,ENE,24.0,WNW,NW,7.0,9.0
2013-03-22,W,28.0,WNW,NNE,13.0,7.0
2013-03-23,NE,28.0,NE,E,11.0,17.0
2013-03-24,E,43.0,SE,SE,15.0,11.0
2013-03-25,SE,54.0,S,E,9.0,13.0
2013-03-26,ENE,43.0,ESE,ESE,13.0,20.0
2013-03-27,ESE,43.0,E,ESE,19.0,26.0
2013-03-28,ESE,35.0,E,ESE,15.0,15.0
2013-03-29,NE,43.0,ENE,ENE,19.0,15.0
2013-03-30,E,28.0,NE,NE,15.0,13.0
2013-03-31,E,31.0,ENE,ENE,15.0,11.0
2013-04-01,E,31.0,E,E,11.0,11.0
2013-04-02,E,37.0,E,ENE,9.0,13.0
2013-04-03,ESE,28.0,SE,ESE,7.0,15.0
2013-04-04,NE,59.0,ESE,E,13.0,19.0
2013-04-05,ENE,33.0,ENE,E,15.0,13.0
2013-04-06,SE,39.0,ESE,ESE,17.0,19.0
2013-04-07,E,39.0,ESE,ESE,17.0,19.0
2013-04-08,E,46.0,ESE,E,11.0,24.0
2013-04-09,E,35.0,SSE,ESE,15.0,17.0
2013-04-10,ESE,44.0,SE,SE,19.0,19.0
2013-04-11,SSE,37.0,SE,SE,19.0,20.0
2013-04-12,SSE,41.0,SE,SSE,13.0,15.0
2013-04-13,ESE,31.0,,SSE,0.0,17.0
2013-04-14,E,26.0,S,SSE,2.0,9.0
2013-04-15,S,30.0,NE,SE,4.0,9.0
2013-04-16,SSE,24.0,NW,SSE,9.0,7.0
2013-04-17,ENE,35.0,NE,ESE,13.0,20.0
2013-04-18,ENE,39.0,E,E,6.0,22.0
2013-04-19,E,33.0,S,E,6.0,19.0
2013-04-20,SE,33.0,SE,ESE,6.0,17.0
2013-04-21,E,24.0,,E,0.0,13.0
2013-04-22,NW,22.0,NNW,SW,7.0,6.0
2013-04-23,,,NNW,SSE,6.0,9.0
2013-04-24,ESE,37.0,ENE,E,13.0,24.0
2013-04-25,SE,41.0,ESE,ESE,13.0,20.0
2013-04-26,ESE,43.0,SE,ESE,17.0,19.0
2013-04-27,SE,31.0,SE,E,11.0,19.0
2013-04-28,ESE,33.0,SW,E,6.0,17.0
2013-04-29,E,33.0,SSE,SE,7.0,19.0
2013-04-30,E,41.0,SSE,E,13.0,22.0
2013-05-01,ESE,48.0,SE,ENE,9.0,20.0
2013-05-02,SE,44.0,SE,ESE,13.0,19.0
2013-05-03,E,44.0,E,E,17.0,24.0
2013-05-04,E,46.0,ENE,ESE,20.0,19.0
2013-05-05,ESE,35.0,E,SE,19.0,17.0
2013-05-06,ESE,37.0,ENE,SE,11.0,17.0
2013-05-07,ESE,37.0,ENE,ESE,19.0,24.0
2013-05-08,ESE,43.0,SE,SE,13.0,17.0
2013-05-09,ESE,41.0,E,E,17.0,17.0
2013-05-10,ENE,37.0,E,E,13.0,17.0
2013-05-11,ENE,43.0,E,ESE,15.0,20.0
2013-05-12,SE,33.0,NE,ENE,20.0,22.0
2013-05-13,SSE,31.0,S,SSE,17.0,19.0
2013-05-14,SE,37.0,SE,ESE,20.0,17.0
2013-05-15,E,33.0,ESE,ESE,15.0,13.0
2013-05-16,SSE,24.0,NE,SE,9.0,11.0
2013-05-17,E,30.0,SE,E,15.0,9.0
2013-05-18,E,33.0,ESE,E,17.0,19.0
2013-05-19,E,39.0,E,E,22.0,17.0
2013-05-20,E,39.0,ENE,ENE,15.0,17.0
2013-05-21,NE,33.0,E,ENE,9.0,13.0
2013-05-22,W,24.0,NW,W,7.0,11.0
2013-05-23,SE,33.0,SE,ESE,13.0,20.0
2013-05-24,SE,50.0,SE,SE,30.0,24.0
2013-05-25,ESE,50.0,ESE,SE,22.0,24.0
2013-05-26,ESE,44.0,SE,ESE,19.0,24.0
2013-05-27,E,44.0,E,E,22.0,20.0
2013-05-28,ESE,37.0,E,ENE,17.0,13.0
2013-05-29,ENE,37.0,E,E,17.0,15.0
2013-05-30,E,43.0,ESE,ESE,9.0,20.0
2013-05-31,ESE,43.0,ESE,E,15.0,20.0
2013-06-01,E,35.0,ENE,NE,20.0,20.0
2013-06-02,E,50.0,E,ESE,20.0,24.0
2013-06-03,ESE,41.0,ESE,E,24.0,24.0
2013-06-04,E,41.0,ESE,SE,17.0,15.0
2013-06-05,NE,37.0,ENE,ENE,24.0,19.0
2013-06-06,ESE,39.0,E,ENE,22.0,15.0
2013-06-07,E,50.0,ESE,ENE,17.0,22.0
2013-06-08,E,48.0,E,SE,22.0,24.0
2013-06-09,E,50.0,SE,E,15.0,20.0
2013-06-10,ESE,39.0,ESE,ESE,11.0,20.0
2013-06-11,ESE,35.0,ENE,SE,6.0,15.0
2013-06-12,ESE,41.0,ESE,ESE,13.0,20.0
2013-06-13,ESE,31.0,ESE,ESE,17.0,17.0
2013-06-14,ESE,37.0,SE,ESE,17.0,24.0
2013-06-15,ESE,41.0,ESE,ESE,19.0,17.0
2013-06-16,E,35.0,ESE,ESE,15.0,15.0
2013-06-17,SE,28.0,SE,SSE,9.0,17.0
2013-06-18,ESE,39.0,SE,ESE,17.0,19.0
2013-06-19,ESE,37.0,ESE,E,20.0,19.0
2013-06-20,ESE,35.0,ESE,ESE,13.0,17.0
2013-06-21,ESE,37.0,SE,ESE,15.0,22.0
2013-06-22,E,43.0,ESE,ESE,19.0,19.0
2013-06-23,ESE,37.0,ESE,E,22.0,17.0
2013-06-24,E,33.0,SE,ESE,15.0,15.0
2013-06-25,ENE,35.0,ESE,ENE,15.0,11.0
2013-06-26,NNE,31.0,ENE,E,11.0,7.0
2013-06-27,NE,24.0,NNE,ESE,9.0,11.0
2013-06-28,E,35.0,SSE,ESE,6.0,20.0
2013-06-29,E,44.0,SE,ESE,15.0,26.0
2013-06-30,SE,48.0,SE,SE,24.0,24.0
2013-07-01,SE,56.0,SE,SE,30.0,26.0
2013-07-02,E,54.0,ESE,ESE,20.0,24.0
2013-07-03,ESE,41.0,SE,ENE,7.0,13.0
2013-07-04,ESE,28.0,ENE,N,17.0,11.0
2013-07-05,E,37.0,ESE,ESE,11.0,17.0
2013-07-06,SE,39.0,SE,E,13.0,20.0
2013-07-07,E,41.0,SE,E,15.0,26.0
2013-07-08,ESE,48.0,SE,ESE,13.0,20.0
2013-07-09,E,48.0,ESE,E,11.0,28.0
2013-07-10,E,48.0,SE,E,19.0,24.0
2013-07-11,ESE,52.0,E,ENE,15.0,26.0
2013-07-12,ENE,43.0,SE,E,9.0,20.0
2013-07-13,E,39.0,E,ESE,17.0,19.0
2013-07-14,ESE,41.0,SE,SE,11.0,20.0
2013-07-15,E,48.0,ESE,SE,9.0,19.0
2013-07-16,E,52.0,ESE,E,13.0,20.0
2013-07-17,ENE,41.0,E,ENE,4.0,19.0
2013-07-18,NW,24.0,N,N,11.0,9.0
2013-07-19,E,28.0,N,ENE,13.0,17.0
2013-07-20,ESE,39.0,ESE,SE,2.0,24.0
2013-07-21,ESE,39.0,E,E,17.0,20.0
2013-07-22,SE,37.0,ESE,ESE,24.0,19.0
2013-07-23,SE,46.0,ESE,SE,24.0,28.0
2013-07-24,SE,50.0,SE,ESE,30.0,19.0
2013-07-25,E,48.0,ESE,E,20.0,19.0
2013-07-26,E,39.0,ESE,ENE,11.0,13.0
2013-07-27,NNE,35.0,SE,N,7.0,11.0
2013-07-28,E,39.0,ENE,ENE,9.0,20.0
2013-07-29,E,41.0,SSE,ESE,9.0,19.0
2013-07-30,SE,46.0,SE,E,13.0,24.0
2013-07-31,ESE,46.0,ESE,ESE,19.0,15.0
2013-08-01,SE,37.0,SE,ESE,13.0,17.0
2013-08-02,SSE,37.0,SE,SE,13.0,24.0
2013-08-03,SE,48.0,SE,SE,26.0,19.0
2013-08-04,E,43.0,SE,ESE,15.0,20.0
2013-08-05,E,48.0,SE,ENE,13.0,19.0
2013-08-06,ESE,43.0,E,ESE,11.0,19.0
2013-08-07,ESE,41.0,SE,SSE,17.0,20.0
2013-08-08,SE,43.0,S,SE,2.0,20.0
2013-08-09,E,43.0,SE,E,9.0,19.0
2013-08-10,E,41.0,SE,SE,11.0,22.0
2013-08-11,ENE,30.0,WNW,NE,4.0,9.0
2013-08-12,ESE,35.0,NE,ESE,2.0,15.0
2013-08-13,E,37.0,ENE,ESE,6.0,17.0
2013-08-14,SE,35.0,NE,SE,4.0,17.0
2013-08-15,E,26.0,NNW,N,7.0,9.0
2013-08-16,WNW,26.0,NW,SSE,13.0,9.0
2013-08-17,ENE,28.0,N,ESE,13.0,11.0
2013-08-18,ESE,41.0,ENE,E,13.0,9.0
2013-08-19,NE,44.0,NW,ENE,2.0,19.0
2013-08-20,E,44.0,WNW,E,7.0,19.0
2013-08-21,E,31.0,WNW,E,7.0,15.0
2013-08-22,SSE,31.0,ESE,SSE,13.0,15.0
2013-08-23,ESE,46.0,ESE,ESE,19.0,17.0
2013-08-24,ESE,44.0,SE,ESE,15.0,19.0
2013-08-25,SE,39.0,SE,E,15.0,17.0
2013-08-26,ENE,46.0,E,SE,15.0,19.0
2013-08-27,E,39.0,E,SE,7.0,20.0
2013-08-28,E,28.0,SW,SSE,2.0,15.0
2013-08-29,ENE,33.0,N,E,13.0,20.0
2013-08-30,ESE,26.0,NNW,ESE,9.0,17.0
2013-08-31,SE,43.0,WNW,S,9.0,17.0
2013-09-01,ESE,54.0,W,ESE,7.0,24.0
2013-09-02,ENE,52.0,E,ENE,15.0,28.0
2013-09-03,E,50.0,NE,ESE,9.0,28.0
2013-09-04,E,59.0,SE,ENE,7.0,22.0
2013-09-05,E,59.0,E,ESE,13.0,28.0
2013-09-06,E,56.0,E,E,15.0,20.0
2013-09-07,ENE,41.0,E,E,15.0,24.0
2013-09-08,SE,35.0,NE,E,7.0,9.0
2013-09-09,SSE,31.0,NNE,SSE,13.0,11.0
2013-09-10,N,28.0,NNW,SSE,9.0,9.0
2013-09-11,ESE,33.0,NW,N,11.0,7.0
2013-09-12,E,30.0,WNW,ENE,13.0,11.0
2013-09-13,NW,26.0,NNW,W,15.0,11.0
2013-09-14,NW,30.0,NNW,WNW,9.0,15.0
2013-09-15,WNW,28.0,NNW,NE,17.0,9.0
2013-09-16,NW,33.0,WNW,NW,17.0,7.0
2013-09-17,NE,41.0,NNW,SE,13.0,13.0
2013-09-18,NNW,50.0,N,WNW,11.0,9.0
2013-09-19,NW,28.0,NW,SW,7.0,7.0
2013-09-20,NW,33.0,NW,NE,15.0,11.0
2013-09-21,NW,39.0,NNW,NNW,7.0,9.0
2013-09-22,W,33.0,SW,W,17.0,7.0
2013-09-23,ENE,39.0,NW,WSW,9.0,11.0
2013-09-24,N,33.0,N,NNW,7.0,17.0
2013-09-25,E,30.0,NNE,NNE,13.0,13.0
2013-09-26,E,31.0,NW,ESE,15.0,17.0
2013-09-27,WNW,28.0,N,NW,13.0,7.0
2013-09-28,NE,37.0,N,ENE,13.0,15.0
2013-09-29,E,39.0,NE,ENE,13.0,22.0
2013-09-30,ENE,44.0,NNW,ESE,11.0,20.0
2013-10-01,ENE,39.0,NNW,ENE,9.0,24.0
2013-10-02,SE,35.0,W,SE,7.0,17.0
2013-10-03,SE,67.0,W,S,9.0,17.0
2013-10-04,ESE,43.0,E,ESE,30.0,13.0
2013-10-05,WSW,26.0,NW,ENE,11.0,11.0
2013-10-06,NNE,39.0,NNW,S,15.0,9.0
2013-10-07,NNE,43.0,NW,SSE,11.0,13.0
2013-10-08,NNW,35.0,WNW,SSW,15.0,20.0
2013-10-09,N,33.0,WNW,ESE,17.0,17.0
2013-10-10,ENE,31.0,NNW,W,11.0,7.0
2013-10-11,SE,31.0,N,NW,9.0,17.0
2013-10-12,SE,41.0,NW,ESE,15.0,28.0
2013-10-13,E,48.0,NNW,E,13.0,19.0
2013-10-14,NE,50.0,E,,6.0,0.0
2013-10-15,NNE,48.0,SE,SSW,7.0,17.0
2013-10-16,SSW,46.0,S,S,11.0,30.0
2013-10-17,NNE,33.0,NNW,SSE,15.0,9.0
2013-10-18,ESE,41.0,N,ESE,13.0,22.0
2013-10-19,ENE,43.0,WNW,SE,7.0,24.0
2013-10-20,E,43.0,W,ENE,7.0,11.0
2013-10-21,SE,37.0,NNW,ESE,11.0,4.0
2013-10-22,NW,39.0,NNW,WSW,11.0,9.0
2013-10-23,NW,31.0,WNW,E,9.0,9.0
2013-10-24,ESE,39.0,NW,SSE,11.0,17.0
2013-10-25,ESE,46.0,SE,SSE,17.0,22.0
2013-10-26,ENE,44.0,S,E,6.0,31.0
2013-10-27,E,37.0,N,ENE,9.0,15.0
2013-10-28,NE,37.0,N,ENE,15.0,19.0
2013-10-29,ESE,33.0,W,SE,7.0,19.0
2013-10-30,SSW,37.0,NW,SSE,17.0,11.0
2013-10-31,ENE,35.0,NNW,SE,13.0,17.0
2013-11-01,ENE,46.0,SE,ESE,6.0,20.0
2013-11-02,SSE,39.0,WNW,ESE,9.0,11.0
2013-11-03,NE,33.0,N,SW,19.0,9.0
2013-11-04,ESE,59.0,NW,E,15.0,15.0
2013-11-05,ENE,44.0,SW,ESE,9.0,24.0
2013-11-06,ENE,43.0,N,SE,11.0,24.0
2013-11-07,E,30.0,NW,SW,17.0,11.0
2013-11-08,NNW,33.0,NNW,SE,19.0,11.0
2013-11-09,NNW,33.0,NW,E,15.0,11.0
2013-11-10,SE,44.0,W,S,13.0,19.0
2013-11-11,SW,44.0,N,S,2.0,9.0
2013-11-12,ESE,50.0,SSE,NNE,6.0,17.0
2013-11-13,ENE,41.0,W,W,13.0,13.0
2013-11-14,E,48.0,E,ENE,11.0,20.0
2013-11-15,ENE,48.0,E,ESE,7.0,22.0
2013-11-16,NNW,39.0,WNW,NE,13.0,19.0
2013-11-17,S,72.0,W,NW,24.0,9.0
2013-11-18,WNW,48.0,NW,WNW,13.0,20.0
2013-11-19,NE,46.0,SE,NW,13.0,7.0
2013-11-20,WSW,61.0,E,W,11.0,28.0
2013-11-21,NNE,39.0,WNW,N,6.0,13.0
2013-11-22,W,35.0,WSW,W,13.0,20.0
2013-11-23,NNE,72.0,E,WNW,17.0,11.0
2013-11-24,WNW,52.0,WNW,SE,6.0,7.0
2013-11-25,SSW,57.0,ESE,W,6.0,9.0
2013-11-26,S,56.0,W,NE,15.0,11.0
2013-11-27,SW,44.0,WNW,NW,11.0,13.0
2013-11-28,WSW,39.0,NW,W,20.0,20.0
2013-11-29,SSE,57.0,WNW,WNW,19.0,19.0
2013-11-30,SSE,94.0,WNW,WNW,15.0,13.0
2013-12-01,NNW,37.0,SSE,NW,4.0,9.0
2013-12-02,E,57.0,NNW,WNW,13.0,11.0
2013-12-03,ENE,50.0,E,WSW,7.0,7.0
2013-12-04,W,37.0,NNW,NNE,6.0,9.0
2013-12-05,SSW,72.0,WSW,SW,2.0,17.0
2013-12-06,ESE,37.0,SE,E,15.0,15.0
2013-12-07,ESE,39.0,NE,E,9.0,15.0
2013-12-08,E,35.0,NNW,ESE,6.0,19.0
2013-12-09,NW,22.0,WNW,WSW,13.0,9.0
2013-12-10,WNW,28.0,NNW,WNW,19.0,7.0
2013-12-11,NNW,22.0,NNW,E,9.0,9.0
2013-12-12,WSW,26.0,NW,WNW,13.0,11.0
2013-12-13,N,37.0,N,NE,7.0,24.0
2013-12-14,NE,41.0,WSW,SSW,7.0,15.0
2013-12-15,NE,57.0,NNW,SSW,6.0,6.0
2013-12-16,SSW,37.0,N,NNE,11.0,13.0
2013-12-17,SW,37.0,S,SE,19.0,17.0
2013-12-18,,,ENE,ESE,7.0,15.0
2013-12-19,ENE,39.0,ESE,ENE,4.0,20.0
2013-12-20,SE,31.0,SSW,ESE,7.0,13.0
2013-12-21,N,31.0,NW,SSE,9.0,11.0
2013-12-22,N,39.0,NNW,NE,4.0,9.0
2013-12-23,NW,31.0,NE,ESE,9.0,9.0
2013-12-24,N,43.0,S,W,11.0,9.0
2013-12-25,E,46.0,NE,E,7.0,11.0
2013-12-26,SE,24.0,SE,WSW,15.0,11.0
2013-12-27,W,24.0,ESE,WNW,7.0,15.0
2013-12-28,NE,41.0,NW,WNW,9.0,11.0
2013-12-29,N,31.0,N,SSE,7.0,11.0
2013-12-30,NW,33.0,SW,NNW,9.0,13.0
2013-12-31,SW,28.0,W,NNW,2.0,15.0
2014-01-01,NW,24.0,WNW,NNE,13.0,6.0
2014-01-02,SW,28.0,WNW,NW,11.0,9.0
2014-01-03,SE,76.0,WNW,W,19.0,19.0
2014-01-04,WNW,33.0,NNW,N,7.0,9.0
2014-01-05,NNE,41.0,SW,NW,7.0,7.0
2014-01-06,SE,30.0,SW,SE,6.0,13.0
2014-01-07,ESE,37.0,SE,SSE,13.0,20.0
2014-01-08,SE,28.0,S,ESE,6.0,15.0
2014-01-09,E,54.0,,WNW,0.0,13.0
2014-01-10,WSW,65.0,E,W,6.0,13.0
2014-01-11,ESE,70.0,E,SE,13.0,15.0
2014-01-12,SE,57.0,SSE,SE,9.0,17.0
2014-01-13,E,50.0,ESE,SE,17.0,13.0
2014-01-14,ESE,43.0,ESE,E,24.0,17.0
2014-01-15,NNE,56.0,NE,N,22.0,33.0
2014-01-16,N,46.0,NNW,N,22.0,30.0
2014-01-17,NNW,52.0,NNW,NNW,19.0,19.0
2014-01-18,WNW,43.0,N,NW,13.0,17.0
2014-01-19,W,59.0,NW,W,15.0,20.0
2014-01-20,NW,37.0,NW,NW,15.0,24.0
2014-01-21,,,WNW,WSW,13.0,7.0
2014-01-22,ESE,43.0,WNW,WSW,2.0,6.0
2014-01-23,ESE,30.0,NE,SSE,13.0,11.0
2014-01-24,NNW,33.0,ENE,NW,9.0,17.0
2014-01-25,S,28.0,,NNW,0.0,7.0
2014-01-26,E,50.0,W,WSW,9.0,4.0
2014-01-27,NW,41.0,NW,ESE,9.0,13.0
2014-01-28,ENE,54.0,E,NE,13.0,7.0
2014-01-29,E,31.0,E,ESE,7.0,19.0
2014-01-30,NNW,35.0,NNW,E,11.0,9.0
2014-01-31,NE,50.0,NNW,N,13.0,28.0
2014-02-01,NW,33.0,N,SSW,20.0,9.0
2014-02-02,NW,39.0,WNW,NW,19.0,24.0
2014-02-03,NW,50.0,N,N,19.0,19.0
2014-02-04,NW,63.0,NNW,W,26.0,28.0
2014-02-05,WNW,39.0,NW,WNW,22.0,20.0
2014-02-06,NNW,52.0,NNW,NNW,20.0,24.0
2014-02-07,NW,44.0,W,NW,19.0,28.0
2014-02-08,NNW,52.0,NW,NNE,13.0,20.0
2014-02-09,NW,54.0,NNE,N,13.0,9.0
2014-02-10,WNW,63.0,W,WNW,6.0,20.0
2014-02-11,W,57.0,NW,NNW,9.0,9.0
2014-02-12,,,NW,NNW,17.0,13.0
2014-02-13,NE,46.0,NNE,WNW,6.0,9.0
2014-02-14,NNW,35.0,NW,WNW,13.0,11.0
2014-02-15,N,41.0,WNW,WNW,11.0,15.0
2014-02-16,WSW,41.0,WNW,W,15.0,20.0
2014-02-17,E,30.0,S,E,7.0,17.0
2014-02-18,ESE,28.0,SSE,SSE,6.0,13.0
2014-02-19,WNW,33.0,NNW,NW,20.0,20.0
2014-02-20,WNW,35.0,WNW,S,17.0,9.0
2014-02-21,SSE,33.0,S,SSE,7.0,17.0
2014-02-22,ESE,33.0,SSE,SE,9.0,13.0
2014-02-23,ENE,24.0,SE,S,15.0,11.0
2014-02-24,WNW,26.0,NNW,WNW,6.0,11.0
2014-02-25,NW,31.0,NW,NW,17.0,19.0
2014-02-26,WNW,41.0,NW,W,17.0,28.0
2014-02-27,NNW,46.0,N,WNW,9.0,20.0
2014-02-28,NW,30.0,WNW,WNW,20.0,15.0
2014-03-01,NW,44.0,NW,WNW,7.0,7.0
2014-03-02,NW,28.0,WNW,NNW,9.0,15.0
2014-03-03,NW,33.0,E,E,11.0,9.0
2014-03-04,E,28.0,SE,E,13.0,6.0
2014-03-05,SE,43.0,E,SE,17.0,13.0
2014-03-06,ESE,39.0,SSW,ENE,6.0,13.0
2014-03-07,SE,30.0,SW,ENE,2.0,11.0
2014-03-08,NE,41.0,E,SW,9.0,22.0
2014-03-09,SSE,30.0,WSW,S,7.0,13.0
2014-03-10,SSE,31.0,W,SSE,13.0,20.0
2014-03-11,SSE,28.0,NW,S,7.0,13.0
2014-03-12,ESE,50.0,WNW,SE,6.0,13.0
2014-03-13,E,31.0,SE,SSE,7.0,17.0
2014-03-14,SSE,26.0,N,SE,6.0,13.0
2014-03-15,SSE,30.0,NE,ESE,6.0,17.0
2014-03-16,SE,41.0,NNW,SE,6.0,15.0
2014-03-17,,,ENE,ESE,19.0,26.0
2014-03-18,E,50.0,ENE,E,19.0,33.0
2014-03-19,ESE,44.0,ESE,ESE,13.0,20.0
2014-03-20,E,41.0,NNW,E,7.0,17.0
2014-03-21,ENE,31.0,NW,SSE,9.0,11.0
2014-03-22,E,33.0,ENE,E,6.0,11.0
2014-03-23,E,39.0,ESE,E,13.0,19.0
2014-03-24,SE,65.0,,SE,0.0,19.0
2014-03-25,E,39.0,SE,E,9.0,20.0
2014-03-26,E,35.0,SE,SE,15.0,15.0
2014-03-27,SSE,39.0,SE,SE,11.0,19.0
2014-03-28,ESE,33.0,ESE,NE,7.0,11.0
2014-03-29,E,35.0,SE,E,9.0,17.0
2014-03-30,ENE,24.0,NNE,E,7.0,11.0
2014-03-31,SE,39.0,SW,SE,6.0,28.0
2014-04-01,SE,33.0,SW,SSE,6.0,13.0
2014-04-02,E,33.0,NNW,E,11.0,19.0
2014-04-03,SE,31.0,NNW,SE,13.0,20.0
2014-04-04,ESE,30.0,N,E,11.0,15.0
2014-04-05,E,35.0,NE,ESE,6.0,20.0
2014-04-06,E,30.0,NNW,SE,9.0,20.0
2014-04-07,N,20.0,WNW,SSE,7.0,9.0
2014-04-08,NNE,33.0,WSW,E,11.0,17.0
2014-04-09,WSW,24.0,SSW,SW,9.0,6.0
2014-04-10,SE,28.0,NW,E,7.0,15.0
2014-04-11,SW,30.0,W,NE,7.0,7.0
2014-04-12,SE,31.0,S,ESE,7.0,9.0
2014-04-13,ENE,28.0,ESE,ESE,13.0,11.0
2014-04-14,ESE,31.0,SE,SSE,9.0,11.0
2014-04-15,SSE,33.0,SE,SSW,15.0,15.0
2014-04-16,S,39.0,SE,SE,20.0,13.0
2014-04-17,ESE,48.0,ESE,SE,7.0,17.0
2014-04-18,ENE,59.0,ESE,SE,17.0,19.0
2014-04-19,E,41.0,SE,SE,17.0,17.0
2014-04-20,ESE,43.0,ESE,ESE,13.0,22.0
2014-04-21,SE,44.0,ESE,ENE,13.0,20.0
2014-04-22,SSE,41.0,E,ESE,20.0,26.0
2014-04-23,SE,41.0,E,ESE,22.0,24.0
2014-04-24,SSE,35.0,SE,ESE,13.0,15.0
2014-04-25,SSE,41.0,SE,SE,9.0,19.0
2014-04-26,S,41.0,ESE,SE,15.0,20.0
2014-04-27,ENE,48.0,E,ESE,17.0,20.0
2014-04-28,ESE,33.0,ENE,ESE,11.0,9.0
2014-04-29,ESE,35.0,E,NE,11.0,13.0
2014-04-30,E,43.0,NNE,E,13.0,24.0
2014-05-01,SSE,35.0,NNE,SSE,6.0,15.0
2014-05-02,S,24.0,ESE,ENE,7.0,9.0
2014-05-03,SE,30.0,ESE,SE,17.0,20.0
2014-05-04,ENE,37.0,E,E,17.0,17.0
2014-05-05,E,35.0,E,ESE,20.0,22.0
2014-05-06,E,37.0,ESE,E,15.0,13.0
2014-05-07,E,35.0,ESE,SE,13.0,13.0
2014-05-08,SE,31.0,ESE,SSE,11.0,9.0
2014-05-09,E,35.0,ESE,ESE,11.0,15.0
2014-05-10,ESE,35.0,SE,E,7.0,17.0
2014-05-11,E,31.0,ESE,E,7.0,20.0
2014-05-12,E,43.0,ESE,E,9.0,20.0
2014-05-13,SE,46.0,SE,SE,13.0,20.0
2014-05-14,E,41.0,SE,ESE,13.0,19.0
2014-05-15,ESE,44.0,ESE,ENE,13.0,22.0
2014-05-16,E,43.0,ESE,E,11.0,22.0
2014-05-17,E,35.0,E,ENE,19.0,17.0
2014-05-18,SE,39.0,E,ESE,24.0,24.0
2014-05-19,E,41.0,E,ESE,24.0,13.0
2014-05-20,ESE,39.0,ESE,E,15.0,22.0
2014-05-21,SSE,43.0,E,E,22.0,19.0
2014-05-22,ENE,35.0,SE,SE,9.0,15.0
2014-05-23,E,41.0,E,SE,13.0,20.0
2014-05-24,E,50.0,ESE,ESE,11.0,19.0
2014-05-25,ESE,50.0,SSE,ENE,6.0,22.0
2014-05-26,ENE,39.0,ENE,E,9.0,7.0
2014-05-27,E,33.0,ENE,E,11.0,17.0
2014-05-28,ENE,39.0,ESE,ESE,9.0,20.0
2014-05-29,E,35.0,ENE,ENE,9.0,15.0
2014-05-30,E,41.0,E,ESE,15.0,17.0
2014-05-31,SE,30.0,E,SE,15.0,17.0
2014-06-01,E,39.0,ESE,E,11.0,24.0
2014-06-02,E,43.0,ESE,SE,20.0,17.0
2014-06-03,ESE,43.0,SE,SE,20.0,20.0
2014-06-04,E,44.0,ESE,ESE,20.0,20.0
2014-06-05,ESE,44.0,SE,ESE,20.0,24.0
2014-06-06,ESE,46.0,SE,ESE,20.0,24.0
2014-06-07,SE,52.0,ESE,SE,31.0,24.0
2014-06-08,ESE,50.0,SE,SE,24.0,26.0
2014-06-09,E,46.0,ESE,E,22.0,24.0
2014-06-10,E,39.0,SE,E,20.0,11.0
2014-06-11,E,39.0,SE,ESE,9.0,13.0
2014-06-12,SE,22.0,SE,ESE,11.0,7.0
2014-06-13,SSW,24.0,SE,S,11.0,11.0
2014-06-14,SSE,39.0,SE,SSE,24.0,28.0
2014-06-15,SE,46.0,SE,SE,31.0,20.0
2014-06-16,E,37.0,SE,ESE,24.0,17.0
2014-06-17,ESE,46.0,SE,E,15.0,9.0
2014-06-18,ESE,39.0,SE,ENE,17.0,19.0
2014-06-19,E,43.0,ESE,ESE,15.0,20.0
2014-06-20,E,37.0,E,E,13.0,17.0
2014-06-21,ESE,46.0,E,SE,19.0,26.0
2014-06-22,E,43.0,ESE,ESE,11.0,22.0
2014-06-23,SE,46.0,SE,SE,13.0,24.0
2014-06-24,E,46.0,SE,SE,9.0,24.0
2014-06-25,ESE,46.0,ESE,ESE,17.0,22.0
2014-06-26,ESE,37.0,SE,ESE,13.0,24.0
2014-06-27,ESE,31.0,ESE,E,15.0,9.0
2014-06-28,S,35.0,SE,SE,13.0,17.0
2014-06-29,ESE,41.0,ESE,E,22.0,19.0
2014-06-30,ESE,52.0,ESE,SE,28.0,19.0
2014-07-01,ESE,44.0,SE,ESE,13.0,20.0
2014-07-02,E,37.0,SE,ESE,13.0,15.0
2014-07-03,,,E,ESE,17.0,13.0
2014-07-04,ESE,33.0,SE,ESE,9.0,17.0
2014-07-05,SE,46.0,SE,E,17.0,17.0
2014-07-06,E,39.0,ESE,ESE,19.0,17.0
2014-07-07,ESE,43.0,SE,ESE,15.0,19.0
2014-07-08,,,SE,SW,9.0,13.0
2014-07-09,SE,30.0,SE,SE,11.0,15.0
2014-07-10,SE,31.0,SE,ENE,7.0,13.0
2014-07-11,ESE,39.0,SE,E,15.0,22.0
2014-07-12,ESE,35.0,SE,ESE,13.0,22.0
2014-07-13,NE,35.0,ESE,NE,17.0,15.0
2014-07-14,ENE,35.0,NE,E,17.0,17.0
2014-07-15,ENE,26.0,ESE,E,9.0,11.0
2014-07-16,SE,39.0,SE,ESE,11.0,17.0
2014-07-17,E,48.0,SE,ESE,11.0,28.0
2014-07-18,ESE,43.0,ESE,ESE,24.0,19.0
2014-07-19,E,41.0,SSE,E,13.0,15.0
2014-07-20,ESE,30.0,ESE,ESE,15.0,17.0
2014-07-21,E,35.0,SE,SE,13.0,17.0
2014-07-22,E,44.0,ESE,ESE,13.0,17.0
2014-07-23,SE,28.0,SE,ENE,6.0,6.0
2014-07-24,NE,24.0,ENE,S,6.0,11.0
2014-07-25,ENE,31.0,SE,SE,9.0,17.0
2014-07-26,ESE,43.0,E,ESE,13.0,22.0
2014-07-27,ESE,44.0,SE,ESE,13.0,24.0
2014-07-28,E,46.0,ESE,E,13.0,20.0
2014-07-29,ESE,48.0,E,E,15.0,20.0
2014-07-30,SE,44.0,ESE,E,9.0,22.0
2014-07-31,SSE,31.0,SSE,S,7.0,11.0
2014-08-01,SE,35.0,ESE,SE,7.0,17.0
2014-08-02,E,44.0,ESE,ESE,15.0,22.0
2014-08-03,ESE,39.0,ESE,E,19.0,20.0
2014-08-04,SE,43.0,SE,ESE,22.0,22.0
2014-08-05,ESE,43.0,ESE,SE,30.0,22.0
2014-08-06,,,ESE,E,17.0,15.0
2014-08-07,E,43.0,E,E,17.0,19.0
2014-08-08,ESE,50.0,ESE,E,20.0,28.0
2014-08-09,ESE,44.0,ESE,SE,19.0,24.0
2014-08-10,ESE,44.0,ESE,ESE,19.0,22.0
2014-08-11,ESE,43.0,SE,ESE,13.0,15.0
2014-08-12,ESE,43.0,ESE,SE,20.0,26.0
2014-08-13,ESE,43.0,ESE,SE,28.0,20.0
2014-08-14,SE,31.0,SE,SSE,17.0,7.0
2014-08-15,SSE,31.0,ESE,SE,15.0,9.0
2014-08-16,SE,35.0,SE,SW,20.0,15.0
2014-08-17,E,44.0,SE,SE,9.0,19.0
2014-08-18,ESE,44.0,ESE,E,30.0,15.0
2014-08-19,ESE,39.0,ESE,ENE,11.0,9.0
2014-08-20,ESE,35.0,E,ESE,15.0,13.0
2014-08-21,ESE,44.0,ESE,SSE,26.0,15.0
2014-08-22,SE,37.0,ESE,SSW,20.0,11.0
2014-08-23,E,37.0,SE,E,11.0,20.0
2014-08-24,ESE,43.0,SE,NE,17.0,17.0
2014-08-25,E,43.0,SE,SSE,19.0,22.0
2014-08-26,E,46.0,ESE,E,15.0,20.0
2014-08-27,E,50.0,ESE,ESE,22.0,24.0
2014-08-28,E,44.0,SE,E,15.0,22.0
2014-08-29,ESE,44.0,SE,E,13.0,17.0
2014-08-30,SE,41.0,SE,E,13.0,22.0
2014-08-31,ENE,41.0,SE,ESE,9.0,20.0
2014-09-01,ESE,35.0,SE,E,7.0,11.0
2014-09-02,ESE,50.0,ENE,ESE,7.0,20.0
2014-09-03,E,35.0,SE,S,19.0,15.0
2014-09-04,SSE,39.0,ESE,ESE,22.0,11.0
2014-09-05,E,30.0,SSW,ESE,6.0,11.0
2014-09-06,NE,39.0,N,E,9.0,22.0
2014-09-07,ENE,43.0,W,ESE,7.0,22.0
2014-09-08,WNW,31.0,NW,E,9.0,19.0
2014-09-09,SE,33.0,NW,ENE,11.0,9.0
2014-09-10,E,30.0,NNW,ENE,11.0,15.0
2014-09-11,NNE,39.0,NW,ENE,15.0,17.0
2014-09-12,ESE,39.0,N,SE,7.0,20.0
2014-09-13,SE,54.0,SSE,SE,9.0,20.0
2014-09-14,ENE,43.0,S,ESE,7.0,17.0
2014-09-15,SE,35.0,NNE,SSE,6.0,11.0
2014-09-16,ENE,37.0,WNW,E,7.0,13.0
2014-09-17,E,43.0,WNW,E,9.0,19.0
2014-09-18,E,48.0,W,ESE,7.0,19.0
2014-09-19,ENE,54.0,SSW,ESE,6.0,24.0
2014-09-20,E,46.0,N,E,7.0,22.0
2014-09-21,SE,46.0,NW,ESE,11.0,22.0
2014-09-22,NNE,43.0,ESE,ESE,11.0,13.0
2014-09-23,NW,37.0,WNW,WNW,17.0,15.0
2014-09-24,NW,35.0,WNW,NE,22.0,7.0
2014-09-25,NE,39.0,NNW,E,7.0,20.0
2014-09-26,E,48.0,E,ENE,9.0,20.0
2014-09-27,ESE,41.0,ESE,ENE,9.0,19.0
2014-09-28,ENE,30.0,N,SE,9.0,9.0
2014-09-29,N,35.0,NW,ENE,17.0,22.0
2014-09-30,ENE,33.0,N,E,13.0,13.0
2014-10-01,SE,44.0,ENE,ESE,9.0,24.0
2014-10-02,ESE,50.0,NW,ESE,9.0,31.0
2014-10-03,ENE,46.0,SSW,ESE,4.0,24.0
2014-10-04,ESE,44.0,W,E,9.0,20.0
2014-10-05,W,43.0,NW,ENE,11.0,9.0
2014-10-06,NNW,26.0,N,NE,4.0,9.0
2014-10-07,WNW,31.0,NW,SSW,13.0,6.0
2014-10-08,SE,37.0,N,SE,9.0,17.0
2014-10-09,E,44.0,WNW,ESE,7.0,22.0
2014-10-10,ENE,33.0,NW,ENE,9.0,11.0
2014-10-11,NW,33.0,NNW,NW,15.0,7.0
2014-10-12,NNW,43.0,NW,E,11.0,9.0
2014-10-13,ESE,46.0,NW,WSW,17.0,9.0
2014-10-14,SE,50.0,NW,S,15.0,9.0
2014-10-15,E,35.0,ESE,ESE,13.0,13.0
2014-10-16,ESE,46.0,ESE,SSE,22.0,9.0
2014-10-17,ENE,33.0,ESE,SE,13.0,9.0
2014-10-18,E,37.0,NW,SSE,6.0,9.0
2014-10-19,E,43.0,NNW,SSE,7.0,24.0
2014-10-20,ESE,43.0,ENE,ESE,11.0,20.0
2014-10-21,E,46.0,NNW,SSE,7.0,15.0
2014-10-22,ESE,39.0,NNE,ESE,11.0,15.0
2014-10-23,ENE,41.0,N,E,6.0,24.0
2014-10-24,ESE,48.0,WNW,SE,6.0,22.0
2014-10-25,ESE,43.0,W,E,6.0,20.0
2014-10-26,ESE,44.0,NW,ENE,11.0,22.0
2014-10-27,E,44.0,W,ESE,11.0,15.0
2014-10-28,E,48.0,W,E,9.0,26.0
2014-10-29,,,WNW,ESE,15.0,22.0
2014-10-30,E,41.0,WNW,ENE,19.0,11.0
2014-10-31,NNE,30.0,WNW,NNE,13.0,19.0
2014-11-01,NNE,33.0,W,N,9.0,9.0
2014-11-02,SSW,31.0,WNW,ENE,11.0,9.0
2014-11-03,ESE,33.0,N,ESE,7.0,20.0
2014-11-04,S,81.0,WNW,NE,11.0,17.0
2014-11-05,ENE,43.0,,NNE,0.0,2.0
2014-11-06,S,61.0,SSE,WNW,4.0,2.0
2014-11-07,ENE,22.0,,,0.0,0.0
2014-11-08,ENE,43.0,W,SE,9.0,9.0
2014-11-09,E,33.0,WNW,W,9.0,2.0
2014-11-10,NNE,28.0,,S,0.0,9.0
2014-11-11,ESE,48.0,NW,NE,6.0,11.0
2014-11-12,WSW,67.0,,,0.0,0.0
2014-11-13,E,35.0,NW,NW,13.0,7.0
2014-11-14,N,30.0,N,NNE,13.0,11.0
2014-11-15,NNE,35.0,NW,N,13.0,11.0
2014-11-16,WNW,30.0,WNW,SSW,9.0,11.0
2014-11-17,E,35.0,NW,E,7.0,13.0
2014-11-18,E,37.0,W,ENE,6.0,11.0
2014-11-19,WNW,39.0,NW,ENE,13.0,15.0
2014-11-20,ENE,35.0,,ENE,0.0,22.0
2014-11-21,NNW,33.0,NW,WNW,15.0,13.0
2014-11-22,NW,43.0,W,NNE,13.0,9.0
2014-11-23,NW,39.0,NW,NW,9.0,11.0
2014-11-24,E,57.0,WNW,S,6.0,7.0
2014-11-25,SW,37.0,,N,0.0,4.0
2014-11-26,E,48.0,,ESE,0.0,2.0
2014-11-27,NE,33.0,NW,W,7.0,7.0
2014-11-28,NE,39.0,NW,WNW,9.0,7.0
2014-11-29,S,48.0,NW,NE,7.0,9.0
2014-11-30,ESE,56.0,,NW,0.0,4.0
2014-12-01,N,35.0,WNW,NNE,11.0,2.0
2014-12-02,S,59.0,S,,6.0,0.0
2014-12-03,S,31.0,,NNW,0.0,2.0
2014-12-04,E,24.0,,,0.0,0.0
2014-12-05,SSW,30.0,,,0.0,0.0
2014-12-06,SSE,56.0,,,0.0,0.0
2014-12-07,NNW,41.0,,,0.0,0.0
2014-12-08,NNW,7.0,,,0.0,0.0
2014-12-09,ENE,35.0,,,0.0,0.0
2014-12-10,NNE,59.0,,NNW,0.0,9.0
2014-12-11,NW,43.0,WNW,W,13.0,19.0
2014-12-12,WNW,26.0,NW,WNW,11.0,13.0
2014-12-13,WNW,35.0,WNW,WNW,19.0,15.0
2014-12-14,SSW,46.0,ESE,NNW,6.0,17.0
2014-12-15,NW,28.0,WNW,NW,15.0,9.0
2014-12-16,NW,31.0,NW,W,20.0,11.0
2014-12-17,SE,50.0,WNW,WNW,19.0,9.0
2014-12-18,SSE,26.0,NW,W,7.0,9.0
2014-12-19,S,39.0,W,S,13.0,17.0
2014-12-20,SSE,33.0,WSW,NW,2.0,7.0
2014-12-21,E,59.0,NW,WNW,7.0,13.0
2014-12-22,E,43.0,ENE,NW,13.0,15.0
2014-12-23,S,31.0,NNE,NNW,7.0,11.0
2014-12-24,WNW,30.0,N,SW,7.0,6.0
2014-12-25,WNW,50.0,ENE,W,11.0,11.0
2014-12-26,WSW,44.0,NE,NW,7.0,17.0
2014-12-27,NNW,35.0,SSE,SW,7.0,4.0
2014-12-28,NE,35.0,S,SSW,4.0,11.0
2014-12-29,E,26.0,NE,NNE,13.0,6.0
2014-12-30,ENE,48.0,E,ENE,11.0,11.0
2014-12-31,NE,56.0,ENE,ESE,6.0,9.0
2015-01-01,N,28.0,N,NNE,7.0,9.0
2015-01-02,NW,35.0,N,WNW,11.0,13.0
2015-01-03,WNW,44.0,N,NNE,9.0,19.0
2015-01-04,NNW,54.0,NNW,NNW,11.0,9.0
2015-01-05,WNW,52.0,NNW,WSW,19.0,9.0
2015-01-06,NW,37.0,NNW,NNW,15.0,20.0
2015-01-07,NW,63.0,N,NW,19.0,26.0
2015-01-08,W,43.0,NNW,W,13.0,20.0
2015-01-09,NW,96.0,NW,NNW,22.0,28.0
2015-01-10,NW,56.0,NW,NW,31.0,30.0
2015-01-11,WNW,31.0,NW,W,17.0,9.0
2015-01-12,WSW,33.0,WNW,W,20.0,13.0
2015-01-13,WSW,85.0,W,NE,17.0,15.0
2015-01-14,WNW,33.0,WNW,WNW,13.0,9.0
2015-01-15,W,24.0,WSW,NW,11.0,6.0
2015-01-16,NW,39.0,SSW,WSW,11.0,17.0
2015-01-17,NNW,30.0,NNW,NW,15.0,17.0
2015-01-18,NNE,33.0,N,NNW,13.0,11.0
2015-01-19,WNW,28.0,WNW,WNW,11.0,19.0
2015-01-20,NW,22.0,SSW,WSW,9.0,15.0
2015-01-21,WSW,33.0,W,W,17.0,13.0
2015-01-22,NW,56.0,NW,W,20.0,20.0
2015-01-23,SSW,50.0,NW,WNW,15.0,7.0
2015-01-24,SE,48.0,NW,NW,19.0,13.0
2015-01-25,N,44.0,NW,W,20.0,15.0
2015-01-26,WNW,26.0,SSW,W,4.0,9.0
2015-01-27,S,39.0,N,WNW,4.0,7.0
2015-01-28,SE,24.0,ESE,SE,4.0,7.0
2015-01-29,NNW,28.0,WNW,SE,13.0,11.0
2015-01-30,NW,48.0,WNW,W,13.0,7.0
2015-01-31,W,30.0,WNW,W,17.0,13.0
2015-02-01,SSE,39.0,WNW,WNW,15.0,7.0
2015-02-02,SSE,24.0,SW,S,9.0,9.0
2015-02-03,E,31.0,N,E,9.0,15.0
2015-02-04,S,33.0,SSE,SSW,6.0,19.0
2015-02-05,ENE,30.0,W,SE,4.0,11.0
2015-02-06,E,35.0,NW,W,11.0,9.0
2015-02-07,E,35.0,NNE,ESE,11.0,19.0
2015-02-08,S,39.0,WNW,SSE,11.0,13.0
2015-02-09,ENE,46.0,SSE,ENE,9.0,35.0
2015-02-10,SE,41.0,E,NE,15.0,17.0
2015-02-11,ESE,41.0,SE,ESE,9.0,17.0
2015-02-12,SSE,35.0,WNW,E,7.0,20.0
2015-02-13,WSW,44.0,NW,SW,7.0,20.0
2015-02-14,ESE,39.0,NW,SE,9.0,19.0
2015-02-15,ESE,50.0,W,SSW,11.0,7.0
2015-02-16,W,28.0,NW,SSW,9.0,11.0
2015-02-17,SE,43.0,WNW,ESE,13.0,22.0
2015-02-18,E,41.0,N,SSW,7.0,11.0
2015-02-19,SE,41.0,W,SE,7.0,20.0
2015-02-20,SW,59.0,WSW,SSW,11.0,13.0
2015-02-21,W,54.0,WNW,NNW,20.0,20.0
2015-02-22,NW,46.0,NNW,NW,15.0,17.0
2015-02-23,NNW,31.0,WNW,NNW,6.0,9.0
2015-02-24,S,31.0,WNW,WSW,9.0,13.0
2015-02-25,S,30.0,SW,WSW,7.0,13.0
2015-02-26,NW,20.0,WNW,NNW,7.0,13.0
2015-02-27,SE,39.0,W,WSW,11.0,9.0
2015-02-28,S,43.0,WNW,WSW,7.0,9.0
2015-03-01,SSE,85.0,NW,S,6.0,20.0
2015-03-02,SE,43.0,S,S,4.0,17.0
2015-03-03,ENE,35.0,ENE,E,19.0,20.0
2015-03-04,ESE,28.0,NNE,ESE,9.0,11.0
2015-03-05,ESE,35.0,W,SE,4.0,20.0
2015-03-06,NNW,28.0,NW,S,9.0,7.0
2015-03-07,SSE,35.0,WNW,WSW,2.0,6.0
2015-03-08,S,26.0,WSW,SSW,11.0,11.0
2015-03-09,WSW,22.0,WNW,SE,7.0,11.0
2015-03-10,SSW,20.0,WNW,ESE,9.0,9.0
2015-03-11,SSE,30.0,WNW,S,9.0,15.0
2015-03-12,S,30.0,W,S,9.0,15.0
2015-03-13,S,30.0,W,S,13.0,11.0
2015-03-14,SSE,22.0,W,E,11.0,7.0
2015-03-15,E,56.0,NW,NE,17.0,9.0
2015-03-16,SE,24.0,WNW,SSE,13.0,7.0
2015-03-17,NW,35.0,NW,NNW,15.0,11.0
2015-03-18,,,NW,,13.0,
2015-03-19,NE,28.0,NW,ENE,11.0,17.0
2015-03-20,SE,28.0,W,SE,11.0,19.0
2015-03-21,ESE,28.0,WSW,SSE,9.0,11.0
2015-03-22,E,33.0,W,E,4.0,15.0
2015-03-23,E,43.0,SSE,E,7.0,20.0
2015-03-24,ESE,52.0,ESE,E,13.0,20.0
2015-03-25,SE,37.0,ESE,E,19.0,15.0
2015-03-26,ENE,44.0,E,E,17.0,22.0
2015-03-27,SE,30.0,SE,SSE,11.0,19.0
2015-03-28,ENE,31.0,ESE,ESE,6.0,15.0
2015-03-29,SE,35.0,S,E,2.0,19.0
2015-03-30,E,44.0,ENE,ESE,11.0,26.0
2015-03-31,E,31.0,ENE,ESE,11.0,17.0
2015-04-01,E,24.0,,SSE,0.0,13.0
2015-04-02,SE,26.0,NE,SSW,4.0,6.0
2015-04-03,ESE,31.0,N,E,9.0,11.0
2015-04-04,ESE,26.0,WNW,E,9.0,17.0
2015-04-05,W,26.0,NW,NNW,15.0,7.0
2015-04-06,SW,31.0,NW,SW,11.0,13.0
2015-04-07,NNE,31.0,WSW,SE,7.0,17.0
2015-04-08,ESE,39.0,ESE,ESE,22.0,20.0
2015-04-09,E,31.0,SE,ESE,13.0,19.0
2015-04-10,ESE,28.0,SE,SSE,13.0,13.0
2015-04-11,N,31.0,SSE,SE,17.0,13.0
2015-04-12,SSE,20.0,NNW,NE,9.0,6.0
2015-04-13,NW,24.0,NNW,SSW,11.0,6.0
2015-04-14,E,28.0,N,ENE,9.0,13.0
2015-04-15,E,35.0,ESE,E,6.0,17.0
2015-04-16,E,35.0,ESE,ENE,6.0,17.0
2015-04-17,E,39.0,ENE,SE,9.0,15.0
2015-04-18,ENE,33.0,E,ESE,7.0,20.0
2015-04-19,ESE,37.0,SSE,E,20.0,17.0
2015-04-20,SE,44.0,SE,ESE,31.0,20.0
2015-04-21,SE,43.0,SE,E,26.0,22.0
2015-04-22,SE,33.0,SE,ESE,22.0,15.0
2015-04-23,ESE,39.0,ESE,SE,24.0,19.0
2015-04-24,ESE,31.0,SE,ESE,13.0,15.0
2015-04-25,E,43.0,SE,SE,11.0,20.0
2015-04-26,SE,39.0,SE,ESE,24.0,19.0
2015-04-27,ESE,41.0,ESE,ESE,17.0,20.0
2015-04-28,E,41.0,SE,ESE,15.0,24.0
2015-04-29,ESE,39.0,SE,E,20.0,22.0
2015-04-30,,,SE,,13.0,
2015-05-01,ESE,39.0,,ESE,,17.0
2015-05-02,ESE,28.0,SE,E,11.0,11.0
2015-05-03,S,22.0,SE,ESE,9.0,11.0
2015-05-04,ENE,28.0,ESE,ESE,4.0,17.0
2015-05-05,SE,30.0,SE,E,7.0,17.0
2015-05-06,ESE,33.0,,SE,0.0,19.0
2015-05-07,E,33.0,SE,ESE,19.0,22.0
2015-05-08,E,37.0,SE,E,20.0,17.0
2015-05-09,ESE,33.0,SE,E,13.0,15.0
2015-05-10,ESE,43.0,SE,E,11.0,15.0
2015-05-11,ESE,37.0,SE,ENE,13.0,13.0
2015-05-12,E,30.0,SE,SE,13.0,11.0
2015-05-13,ESE,50.0,SE,SSE,17.0,26.0
2015-05-14,ESE,43.0,SE,SE,22.0,20.0
2015-05-15,E,39.0,SE,SSE,19.0,22.0
2015-05-16,ESE,39.0,SE,SE,17.0,13.0
2015-05-17,ESE,31.0,ESE,SSE,15.0,15.0
2015-05-18,E,30.0,E,ESE,13.0,17.0
2015-05-19,ENE,24.0,NNW,NE,7.0,11.0
2015-05-20,ENE,26.0,NW,E,9.0,6.0
2015-05-21,ESE,37.0,N,ESE,9.0,17.0
2015-05-22,E,37.0,ESE,E,17.0,19.0
2015-05-23,ESE,33.0,ESE,SE,17.0,15.0
2015-05-24,ESE,30.0,SE,SE,13.0,11.0
2015-05-25,E,30.0,SE,ESE,13.0,13.0
2015-05-26,E,35.0,ESE,ENE,9.0,19.0
2015-05-27,ESE,41.0,ESE,E,9.0,20.0
2015-05-28,SE,35.0,ESE,ESE,13.0,17.0
2015-05-29,ENE,43.0,S,E,2.0,20.0
2015-05-30,E,41.0,ESE,ENE,11.0,17.0
2015-05-31,E,24.0,ENE,E,11.0,13.0
2015-06-01,E,50.0,SE,E,20.0,20.0
2015-06-02,SE,37.0,SE,SE,17.0,20.0
2015-06-03,E,39.0,ESE,ESE,24.0,22.0
2015-06-04,,,ESE,SE,19.0,24.0
2015-06-05,ESE,46.0,SE,E,15.0,20.0
2015-06-06,ESE,46.0,SE,ESE,13.0,19.0
2015-06-07,SE,39.0,SE,E,11.0,15.0
2015-06-08,SE,41.0,SE,E,11.0,20.0
2015-06-09,ENE,39.0,ESE,E,9.0,24.0
2015-06-10,E,44.0,ESE,E,13.0,22.0
2015-06-11,ESE,41.0,ESE,E,19.0,17.0
2015-06-12,ESE,33.0,SE,E,11.0,15.0
2015-06-13,ENE,37.0,E,NE,15.0,9.0
2015-06-14,ENE,28.0,ENE,SE,13.0,13.0
2015-06-15,ESE,26.0,ESE,E,7.0,13.0
2015-06-16,ENE,30.0,SE,NE,7.0,11.0
2015-06-17,E,35.0,ESE,ESE,9.0,20.0
2015-06-18,E,41.0,ESE,SE,17.0,22.0
2015-06-19,SE,31.0,SE,SE,22.0,15.0
2015-06-20,SE,37.0,ESE,SE,17.0,17.0
2015-06-21,E,39.0,SE,SE,17.0,17.0
2015-06-22,E,28.0,SE,SE,11.0,13.0
2015-06-23,E,37.0,SE,SSE,11.0,11.0
2015-06-24,E,39.0,ESE,ESE,15.0,22.0
2015-06-25,SSE,39.0,SE,ESE,26.0,20.0
2015-06-26,ESE,41.0,SE,ESE,22.0,17.0
2015-06-27,E,39.0,ESE,E,17.0,13.0
2015-06-28,E,33.0,ESE,E,9.0,17.0
2015-06-29,E,33.0,SE,SE,9.0,13.0
2015-06-30,ESE,35.0,SE,SE,13.0,20.0
2015-07-01,E,43.0,ESE,E,15.0,19.0
2015-07-02,E,46.0,ESE,SE,19.0,24.0
2015-07-03,SE,39.0,SE,SE,15.0,17.0
2015-07-04,SE,35.0,ESE,SSE,11.0,11.0
2015-07-05,E,44.0,E,ESE,11.0,7.0
2015-07-06,E,35.0,SE,E,13.0,20.0
2015-07-07,E,41.0,E,E,9.0,19.0
2015-07-08,SE,46.0,E,E,15.0,22.0
2015-07-09,ESE,39.0,SE,ESE,13.0,13.0
2015-07-10,ESE,35.0,SE,ESE,11.0,24.0
2015-07-11,ESE,37.0,SE,E,15.0,20.0
2015-07-12,ESE,39.0,ESE,SE,11.0,20.0
2015-07-13,ESE,44.0,ESE,ESE,30.0,20.0
2015-07-14,ESE,48.0,SE,ENE,17.0,19.0
2015-07-15,ESE,33.0,ESE,ESE,11.0,17.0
2015-07-16,ESE,43.0,ESE,ESE,22.0,15.0
2015-07-17,E,43.0,ESE,ESE,20.0,15.0
2015-07-18,ESE,39.0,SE,ESE,19.0,17.0
2015-07-19,ESE,44.0,SE,ESE,19.0,22.0
2015-07-20,NE,39.0,ESE,ESE,19.0,20.0
2015-07-21,E,35.0,SE,ENE,13.0,13.0
2015-07-22,S,22.0,SE,W,7.0,7.0
2015-07-23,E,26.0,SE,E,7.0,15.0
2015-07-24,E,26.0,NNE,NNW,7.0,11.0
2015-07-25,E,31.0,,ENE,0.0,17.0
2015-07-26,ESE,41.0,S,E,4.0,22.0
2015-07-27,SE,46.0,SE,ESE,17.0,26.0
2015-07-28,SSE,46.0,SE,SE,22.0,19.0
2015-07-29,,,SE,ESE,26.0,26.0
2015-07-30,E,43.0,SE,ESE,15.0,22.0
2015-07-31,ENE,43.0,SE,E,7.0,22.0
2015-08-01,ESE,35.0,SE,ESE,7.0,13.0
2015-08-02,E,39.0,E,E,6.0,24.0
2015-08-03,ESE,46.0,SE,E,7.0,26.0
2015-08-04,SE,41.0,SE,SE,26.0,22.0
2015-08-05,ESE,41.0,ESE,SE,22.0,19.0
2015-08-06,SE,37.0,ESE,SE,22.0,22.0
2015-08-07,E,44.0,ESE,E,13.0,13.0
2015-08-08,E,43.0,ESE,E,19.0,19.0
2015-08-09,SE,33.0,ESE,ESE,9.0,17.0
2015-08-10,SE,35.0,ESE,SE,2.0,17.0
2015-08-11,NE,24.0,N,NE,9.0,9.0
2015-08-12,NNE,35.0,NNE,SE,9.0,13.0
2015-08-13,E,31.0,E,E,24.0,13.0
2015-08-14,ESE,35.0,ESE,ESE,17.0,19.0
2015-08-15,SSE,43.0,ESE,ESE,15.0,22.0
2015-08-16,E,39.0,ESE,SE,17.0,17.0
2015-08-17,E,41.0,SE,ESE,11.0,20.0
2015-08-18,ENE,41.0,SE,SE,11.0,17.0
2015-08-19,E,43.0,SE,E,11.0,17.0
2015-08-20,ENE,41.0,W,SE,4.0,13.0
2015-08-21,NNE,26.0,NE,NE,7.0,7.0
2015-08-22,ESE,26.0,N,S,11.0,9.0
2015-08-23,E,30.0,NNW,S,13.0,9.0
2015-08-24,ESE,26.0,NNW,E,17.0,15.0
2015-08-25,NNW,33.0,N,ESE,11.0,20.0
2015-08-26,NW,31.0,NNW,ENE,9.0,11.0
2015-08-27,NNE,28.0,ESE,ENE,9.0,13.0
2015-08-28,ENE,33.0,NW,NE,7.0,13.0
2015-08-29,E,37.0,ESE,E,17.0,13.0
2015-08-30,E,37.0,ESE,ESE,20.0,13.0
2015-08-31,NNE,26.0,NNW,E,11.0,11.0
2015-09-01,NW,30.0,NW,N,17.0,7.0
2015-09-02,NW,30.0,NW,E,13.0,7.0
2015-09-03,NNW,28.0,N,ESE,13.0,7.0
2015-09-04,NE,31.0,E,SSE,9.0,11.0
2015-09-05,ENE,35.0,NE,S,9.0,15.0
2015-09-06,SE,46.0,NE,SSE,15.0,19.0
2015-09-07,ESE,52.0,NNE,ESE,7.0,28.0
2015-09-08,E,57.0,ESE,ESE,9.0,24.0
2015-09-09,ESE,48.0,SE,SE,24.0,30.0
2015-09-10,ESE,41.0,SE,E,30.0,22.0
2015-09-11,E,48.0,ESE,SE,11.0,30.0
2015-09-12,E,43.0,NE,ESE,9.0,13.0
2015-09-13,NE,44.0,N,SE,13.0,20.0
2015-09-14,E,30.0,NW,E,13.0,15.0
2015-09-15,ESE,31.0,N,ENE,17.0,15.0
2015-09-16,ESE,33.0,NNW,E,9.0,17.0
2015-09-17,E,46.0,WNW,E,9.0,28.0
2015-09-18,ENE,39.0,SSE,ESE,11.0,20.0
2015-09-19,E,33.0,E,SSE,13.0,13.0
2015-09-20,SE,31.0,NE,ENE,9.0,9.0
2015-09-21,SSE,56.0,ENE,ESE,13.0,26.0
2015-09-22,ENE,48.0,SE,ESE,24.0,24.0
2015-09-23,ENE,41.0,SE,E,28.0,22.0
2015-09-24,E,46.0,ESE,ESE,13.0,20.0
2015-09-25,ENE,39.0,ESE,S,22.0,15.0
2015-09-26,S,37.0,E,SW,17.0,13.0
2015-09-27,SSE,28.0,ENE,W,9.0,11.0
2015-09-28,E,30.0,NNW,SW,7.0,7.0
2015-09-29,NE,30.0,N,ESE,15.0,9.0
2015-09-30,ESE,52.0,N,SE,6.0,24.0
2015-10-01,SSE,52.0,SE,SE,15.0,31.0
2015-10-02,E,59.0,ESE,SE,17.0,26.0
2015-10-03,E,44.0,ESE,E,13.0,17.0
2015-10-04,SE,43.0,ESE,SE,6.0,20.0
2015-10-05,ENE,28.0,NW,NE,6.0,13.0
2015-10-06,ENE,24.0,NNW,NNW,11.0,11.0
2015-10-07,E,43.0,NNE,E,13.0,20.0
2015-10-08,ENE,44.0,ENE,E,15.0,26.0
2015-10-09,ESE,43.0,E,ENE,17.0,24.0
2015-10-10,E,48.0,ENE,E,17.0,13.0
2015-10-11,ESE,43.0,NNE,E,7.0,20.0
2015-10-12,ENE,35.0,NW,ESE,11.0,17.0
2015-10-13,E,43.0,,,0.0,
2015-10-14,,,WNW,E,17.0,20.0
2015-10-15,SE,48.0,WNW,ENE,13.0,19.0
2015-10-16,ENE,43.0,N,SE,9.0,11.0
2015-10-17,ESE,43.0,NW,SSE,6.0,17.0
2015-10-18,E,46.0,N,E,9.0,20.0
2015-10-19,ESE,44.0,WSW,E,7.0,20.0
2015-10-20,E,44.0,NNW,E,11.0,19.0
2015-10-21,NE,35.0,NW,E,11.0,28.0
2015-10-22,ENE,44.0,NNW,E,17.0,22.0
2015-10-23,NW,39.0,WNW,WNW,15.0,9.0
2015-10-24,ENE,46.0,WNW,ENE,13.0,9.0
2015-10-25,,,NW,ESE,17.0,7.0
2015-10-26,WNW,22.0,,,0.0,0.0
2015-10-27,NE,48.0,,ESE,0.0,17.0
2015-10-28,NNW,30.0,WNW,SSW,20.0,11.0
2015-10-29,,,NNW,ENE,17.0,11.0
2015-10-30,,,WNW,NE,6.0,19.0
2015-10-31,NW,39.0,ENE,NNE,9.0,9.0
2015-11-01,ESE,63.0,NNW,S,19.0,41.0
2015-11-02,NNW,39.0,W,NW,15.0,13.0
2015-11-03,NNE,39.0,NW,NW,17.0,9.0
2015-11-04,W,41.0,WNW,S,20.0,19.0
2015-11-05,ENE,48.0,WNW,ENE,11.0,9.0
2015-11-06,SSE,78.0,N,E,11.0,11.0
2015-11-07,E,52.0,W,NW,13.0,19.0
2015-11-08,SSE,35.0,NE,ESE,4.0,13.0
2015-11-09,WSW,41.0,WNW,W,9.0,19.0
2015-11-10,WNW,31.0,WSW,NW,11.0,15.0
2015-11-11,E,54.0,WNW,E,7.0,9.0
2015-11-12,ENE,28.0,E,NW,2.0,9.0
2015-11-13,ENE,61.0,NNW,NW,19.0,13.0
2015-11-14,NE,63.0,NW,WSW,11.0,11.0
2015-11-15,W,35.0,W,SW,13.0,17.0
2015-11-16,E,31.0,W,ENE,7.0,11.0
2015-11-17,E,31.0,WNW,SE,9.0,9.0
2015-11-18,SE,30.0,WNW,NE,11.0,17.0
2015-11-19,NNE,41.0,W,E,11.0,11.0
2015-11-20,E,39.0,ENE,E,7.0,24.0
2015-11-21,E,43.0,WNW,SSE,15.0,13.0
2015-11-22,E,48.0,W,ESE,17.0,30.0
2015-11-23,E,44.0,WNW,NE,19.0,28.0
2015-11-24,NW,35.0,WNW,NNW,13.0,9.0
2015-11-25,WNW,35.0,NW,W,11.0,11.0
2015-11-26,W,44.0,W,S,24.0,11.0
2015-11-27,S,50.0,NNW,NW,20.0,17.0
2015-11-28,SW,85.0,WSW,NNW,7.0,11.0
2015-11-29,ENE,96.0,WNW,W,15.0,19.0
2015-11-30,E,48.0,SSW,WSW,6.0,20.0
2015-12-01,NNE,44.0,WSW,SSE,7.0,9.0
2015-12-02,N,46.0,,NNW,0.0,20.0
2015-12-03,E,28.0,ESE,E,9.0,13.0
2015-12-04,E,48.0,WNW,NW,9.0,11.0
2015-12-05,N,52.0,NNW,NW,4.0,15.0
2015-12-06,NE,28.0,NW,W,7.0,13.0
2015-12-07,SE,43.0,WNW,SW,13.0,9.0
2015-12-08,ENE,72.0,NW,W,11.0,13.0
2015-12-09,NNE,35.0,NW,NNE,11.0,13.0
2015-12-10,ENE,30.0,N,NNE,13.0,11.0
2015-12-11,NW,31.0,NW,WNW,20.0,13.0
2015-12-12,SSW,57.0,WNW,WNW,13.0,20.0
2015-12-13,N,26.0,W,NE,9.0,11.0
2015-12-14,ENE,65.0,NNW,WNW,6.0,17.0
2015-12-15,N,39.0,,WNW,0.0,9.0
2015-12-16,N,44.0,SE,NNW,6.0,9.0
2015-12-17,NW,46.0,NW,W,6.0,17.0
2015-12-18,W,46.0,N,WSW,13.0,31.0
2015-12-19,WNW,46.0,NW,N,11.0,11.0
2015-12-20,WNW,46.0,NW,WNW,11.0,19.0
2015-12-21,WNW,41.0,WNW,W,11.0,13.0
2015-12-22,N,31.0,NW,NNW,13.0,9.0
2015-12-23,NE,28.0,NNE,ESE,7.0,17.0
2015-12-24,SE,41.0,SE,SSE,19.0,30.0
2015-12-25,NNE,37.0,NE,NE,17.0,20.0
2015-12-26,WNW,57.0,WNW,WNW,11.0,28.0
2015-12-27,W,52.0,WSW,SW,24.0,15.0
2015-12-28,SW,43.0,W,WNW,15.0,17.0
2015-12-29,SW,46.0,WSW,WSW,17.0,24.0
2015-12-30,S,63.0,W,W,13.0,22.0
2015-12-31,S,65.0,WNW,WNW,24.0,28.0
2016-01-01,NW,41.0,NW,WNW,30.0,20.0
2016-01-02,NW,41.0,WNW,WSW,19.0,17.0
2016-01-03,S,30.0,SSE,SSW,11.0,11.0
2016-01-04,WNW,20.0,NW,NNW,6.0,11.0
2016-01-05,W,31.0,NW,NW,13.0,13.0
2016-01-06,NNE,43.0,WNW,W,13.0,20.0
2016-01-07,SSE,41.0,NNW,W,13.0,11.0
2016-01-08,NE,50.0,SW,W,7.0,9.0
2016-01-09,SSE,26.0,WSW,S,9.0,15.0
2016-01-10,NNW,30.0,NNW,NNE,9.0,13.0
2016-01-11,E,50.0,NW,SW,13.0,9.0
2016-01-12,,,NW,SW,19.0,9.0
2016-01-13,NW,54.0,NE,S,4.0,9.0
2016-01-14,NW,20.0,NW,W,2.0,4.0
2016-01-15,S,33.0,N,WSW,6.0,13.0
2016-01-16,ESE,31.0,SSW,E,4.0,11.0
2016-01-17,NNW,22.0,NW,NW,11.0,6.0
2016-01-18,SE,41.0,WNW,W,9.0,7.0
2016-01-19,,,SW,,7.0,
2016-01-20,ESE,48.0,NW,NNW,2.0,20.0
2016-01-21,NE,39.0,SSE,SE,7.0,17.0
2016-01-22,WSW,28.0,SSW,NW,2.0,4.0
2016-01-23,SSW,37.0,NW,NNW,9.0,6.0
2016-01-24,N,30.0,WSW,SW,4.0,11.0
2016-01-25,NNE,30.0,W,NNW,4.0,11.0
2016-01-26,W,28.0,WNW,NW,7.0,15.0
2016-01-27,NW,39.0,WNW,NW,13.0,17.0
2016-01-28,NE,43.0,WSW,WNW,11.0,9.0
2016-01-29,SE,52.0,WNW,SW,13.0,17.0
2016-01-30,ESE,59.0,SSE,WSW,9.0,15.0
2016-01-31,NW,50.0,NNW,NNW,4.0,19.0
2016-02-01,W,54.0,NW,WSW,15.0,30.0
2016-02-02,W,28.0,WNW,N,17.0,15.0
2016-02-03,W,35.0,NW,WSW,7.0,20.0
2016-02-04,SE,44.0,SW,SSE,9.0,20.0
2016-02-05,WNW,35.0,W,SSW,9.0,11.0
2016-02-06,NW,28.0,W,NW,11.0,7.0
2016-02-07,SSE,31.0,NW,SSE,9.0,20.0
2016-02-08,SE,26.0,NW,S,9.0,13.0
2016-02-09,WNW,30.0,WNW,SSW,15.0,7.0
2016-02-10,SSW,48.0,W,SSW,17.0,22.0
2016-02-11,SSW,31.0,NW,ESE,6.0,17.0
2016-02-12,ESE,35.0,ENE,ESE,9.0,24.0
2016-02-13,SE,28.0,NW,ESE,9.0,11.0
2016-02-14,ENE,31.0,W,SSW,15.0,13.0
2016-02-15,NW,35.0,WNW,NW,9.0,9.0
2016-02-16,SSW,35.0,WNW,WSW,11.0,19.0
2016-02-17,SE,39.0,SSW,SW,9.0,9.0
2016-02-18,N,30.0,NW,WNW,13.0,11.0
2016-02-19,NW,30.0,NW,NNE,11.0,6.0
2016-02-20,SE,30.0,E,SE,7.0,15.0
2016-02-21,E,35.0,N,ESE,11.0,24.0
2016-02-22,ENE,31.0,NW,S,19.0,13.0
2016-02-23,S,65.0,NW,W,20.0,13.0
2016-02-24,NW,48.0,N,WNW,9.0,9.0
2016-02-25,ESE,46.0,WNW,SSE,7.0,11.0
2016-02-26,E,35.0,NNE,SE,6.0,17.0
2016-02-27,SSE,39.0,NNE,SE,7.0,28.0
2016-02-28,ENE,33.0,,SE,0.0,13.0
2016-02-29,ESE,30.0,NNW,SE,9.0,13.0
2016-03-01,,,NNW,WNW,15.0,13.0
2016-03-02,NNE,43.0,NW,WNW,17.0,7.0
2016-03-03,W,33.0,WNW,W,9.0,13.0
2016-03-04,WNW,30.0,WNW,WSW,13.0,17.0
2016-03-05,NE,44.0,SSW,NW,6.0,11.0
2016-03-06,SW,33.0,WNW,NE,9.0,7.0
2016-03-07,E,31.0,SSE,WNW,4.0,7.0
2016-03-08,N,39.0,WNW,WNW,9.0,13.0
2016-03-09,S,24.0,S,WNW,17.0,9.0
2016-03-10,N,31.0,NNW,N,9.0,22.0
2016-03-11,S,44.0,SE,NNW,9.0,13.0
2016-03-12,,,SE,SSW,2.0,11.0
2016-03-13,WSW,44.0,SSW,NNE,2.0,13.0
2016-03-14,W,28.0,WSW,S,7.0,11.0
2016-03-15,SSW,31.0,,WSW,0.0,17.0
2016-03-16,SE,35.0,SSE,WNW,9.0,6.0
2016-03-17,S,44.0,WNW,S,9.0,11.0
2016-03-18,S,33.0,W,ESE,11.0,7.0
2016-03-19,NW,28.0,WNW,NE,9.0,7.0
2016-03-20,,,S,N,9.0,15.0
2016-03-21,ESE,20.0,,ESE,0.0,9.0
2016-03-22,E,28.0,NNW,SE,4.0,13.0
2016-03-23,ESE,33.0,W,ESE,4.0,11.0
2016-03-24,SE,33.0,NE,SE,7.0,15.0
2016-03-25,E,37.0,E,E,6.0,19.0
2016-03-26,ESE,35.0,WSW,E,6.0,17.0
2016-03-27,E,24.0,NW,ESE,9.0,9.0
2016-03-28,ENE,30.0,NW,ESE,6.0,13.0
2016-03-29,W,26.0,WNW,E,15.0,9.0
2016-03-30,SE,31.0,NNW,ESE,13.0,19.0
2016-03-31,E,56.0,WNW,W,9.0,15.0
2016-04-01,ENE,31.0,ESE,E,6.0,15.0
2016-04-02,ESE,30.0,ENE,E,7.0,15.0
2016-04-03,SE,33.0,SE,ESE,11.0,19.0
2016-04-04,E,35.0,NE,E,7.0,15.0
2016-04-05,ENE,24.0,NW,E,9.0,13.0
2016-04-06,E,33.0,NE,ENE,7.0,15.0
2016-04-07,ENE,37.0,NE,E,9.0,24.0
2016-04-08,ESE,43.0,SW,ENE,6.0,26.0
2016-04-09,E,43.0,ESE,SE,9.0,19.0
2016-04-10,E,50.0,ESE,E,15.0,24.0
2016-04-11,ESE,46.0,ESE,ESE,11.0,22.0
2016-04-12,S,35.0,SSE,SE,13.0,19.0
2016-04-13,E,39.0,ESE,E,13.0,20.0
2016-04-14,ESE,39.0,SSE,SE,6.0,28.0
2016-04-15,SE,35.0,ENE,SE,6.0,13.0
2016-04-16,SSE,37.0,SE,E,7.0,17.0
2016-04-17,SE,33.0,ENE,E,9.0,13.0
2016-04-18,ESE,37.0,ENE,SSE,11.0,13.0
2016-04-19,NNW,31.0,NE,ESE,7.0,15.0
2016-04-20,SE,35.0,NE,ESE,4.0,17.0
2016-04-21,ESE,43.0,W,ESE,2.0,28.0
2016-04-22,ESE,48.0,SE,ESE,11.0,19.0
2016-04-23,ESE,50.0,SE,E,9.0,28.0
2016-04-24,SE,46.0,SSE,ESE,22.0,22.0
2016-04-25,ESE,41.0,SSE,ESE,22.0,19.0
2016-04-26,ENE,37.0,ESE,ESE,7.0,15.0
2016-04-27,,,ENE,SE,15.0,17.0
2016-04-28,ENE,31.0,ESE,SE,11.0,11.0
2016-04-29,NE,39.0,NNE,ESE,11.0,9.0
2016-04-30,ENE,48.0,NNE,ESE,17.0,15.0
2016-05-01,ENE,41.0,ENE,E,17.0,20.0
2016-05-02,NE,35.0,ENE,E,13.0,15.0
2016-05-03,E,31.0,SSE,,9.0,
2016-05-04,E,39.0,E,ENE,11.0,17.0
2016-05-05,E,33.0,ESE,ENE,11.0,15.0
2016-05-06,E,37.0,SW,ESE,4.0,19.0
2016-05-07,NE,35.0,NNE,NW,13.0,11.0
2016-05-08,WNW,30.0,NNE,NW,9.0,11.0
2016-05-09,SSW,35.0,NW,SSW,7.0,15.0
2016-05-10,SE,39.0,E,E,13.0,22.0
2016-05-11,SSE,46.0,SE,SE,20.0,20.0
2016-05-12,ESE,46.0,SE,E,28.0,20.0
2016-05-13,E,46.0,ESE,ESE,19.0,20.0
2016-05-14,E,43.0,ESE,ESE,13.0,22.0
2016-05-15,E,37.0,ESE,E,9.0,19.0
2016-05-16,E,35.0,ESE,ESE,17.0,17.0
2016-05-17,ENE,35.0,SE,ESE,15.0,17.0
2016-05-18,SE,43.0,SE,E,13.0,19.0
2016-05-19,E,37.0,SE,SE,13.0,19.0
2016-05-20,ENE,43.0,ESE,ESE,9.0,15.0
2016-05-21,SE,41.0,ESE,ESE,9.0,20.0
2016-05-22,SSW,24.0,ENE,SSE,7.0,9.0
2016-05-23,E,35.0,NE,E,7.0,20.0
2016-05-24,E,28.0,SE,SSE,11.0,11.0
2016-05-25,WSW,26.0,ENE,WSW,15.0,7.0
2016-05-26,SSE,24.0,SE,WNW,7.0,9.0
2016-05-27,E,26.0,NNW,SE,6.0,13.0
2016-05-28,SE,31.0,NNW,ENE,11.0,13.0
2016-05-29,ESE,33.0,NE,ESE,13.0,19.0
2016-05-30,ENE,35.0,ENE,ENE,9.0,13.0
2016-05-31,ESE,31.0,ENE,E,15.0,19.0
2016-06-01,SE,33.0,ESE,E,19.0,19.0
2016-06-02,E,35.0,E,E,13.0,17.0
2016-06-03,NNE,22.0,NNE,SE,9.0,13.0
2016-06-04,SSE,26.0,ENE,WNW,4.0,9.0
2016-06-05,E,26.0,E,SSE,17.0,6.0
2016-06-06,SE,24.0,SE,SE,6.0,15.0
2016-06-07,W,26.0,N,NW,6.0,11.0
2016-06-08,WNW,28.0,NW,N,9.0,13.0
2016-06-09,SE,33.0,NE,SE,11.0,19.0
2016-06-10,ESE,37.0,E,ESE,17.0,20.0
2016-06-11,E,41.0,ESE,E,20.0,24.0
2016-06-12,SSE,39.0,SE,SE,24.0,20.0
2016-06-13,ESE,35.0,SE,E,22.0,20.0
2016-06-14,ENE,44.0,ESE,E,19.0,22.0
2016-06-15,ENE,41.0,E,ESE,17.0,19.0
2016-06-16,ENE,31.0,ENE,ESE,15.0,11.0
2016-06-17,ENE,35.0,E,ENE,2.0,15.0
2016-06-18,SE,30.0,NNW,NNW,9.0,9.0
2016-06-19,SE,31.0,ESE,SE,15.0,17.0
2016-06-20,ESE,35.0,ESE,WSW,20.0,4.0
2016-06-21,SSE,30.0,,SE,0.0,13.0
2016-06-22,SE,30.0,SE,SE,13.0,15.0
2016-06-23,ESE,20.0,SE,ESE,11.0,11.0
2016-06-24,SE,31.0,SE,ESE,11.0,20.0
2016-06-25,E,31.0,SE,ENE,13.0,17.0
2016-06-26,ENE,28.0,E,NE,9.0,11.0
2016-06-27,ESE,37.0,SE,ESE,11.0,20.0
2016-06-28,E,41.0,SE,SE,22.0,24.0
2016-06-29,ESE,37.0,ESE,ENE,19.0,17.0
2016-06-30,E,39.0,SE,ESE,13.0,19.0
2016-07-01,E,44.0,SE,ESE,13.0,24.0
2016-07-02,E,41.0,ESE,E,15.0,20.0
2016-07-03,SSE,31.0,ESE,ENE,15.0,13.0
2016-07-04,SSE,30.0,ESE,SE,13.0,15.0
2016-07-05,ESE,37.0,ESE,E,7.0,22.0
2016-07-06,SE,41.0,ESE,ESE,19.0,20.0
2016-07-07,ESE,39.0,ESE,E,13.0,19.0
2016-07-08,E,35.0,SE,ESE,9.0,19.0
2016-07-09,ESE,41.0,ESE,E,15.0,19.0
2016-07-10,NNE,26.0,ENE,ENE,7.0,11.0
2016-07-11,N,19.0,ENE,W,7.0,9.0
2016-07-12,S,39.0,ENE,SSE,19.0,19.0
2016-07-13,SE,50.0,ESE,SE,26.0,28.0
2016-07-14,SSE,39.0,SE,ESE,24.0,13.0
2016-07-15,SE,41.0,SE,SSE,26.0,24.0
2016-07-16,E,43.0,ESE,SE,19.0,17.0
2016-07-17,SSE,33.0,ESE,SW,17.0,9.0
2016-07-18,E,35.0,SE,,7.0,
2016-07-19,ENE,24.0,E,ESE,13.0,11.0
2016-07-20,SE,35.0,SE,ESE,7.0,15.0
2016-07-21,ENE,33.0,ESE,E,11.0,11.0
2016-07-22,ESE,39.0,E,ENE,2.0,17.0
2016-07-23,ESE,35.0,SE,E,7.0,24.0
2016-07-24,E,43.0,ESE,ESE,13.0,19.0
2016-07-25,E,46.0,ESE,E,11.0,24.0
2016-07-26,E,39.0,ESE,E,20.0,20.0
2016-07-27,ESE,46.0,SE,ESE,15.0,22.0
2016-07-28,ESE,48.0,SE,ESE,24.0,22.0
2016-07-29,ESE,44.0,ESE,ESE,22.0,19.0
2016-07-30,E,41.0,ESE,SSE,11.0,17.0
2016-07-31,ESE,35.0,SE,E,13.0,17.0
2016-08-01,ESE,26.0,E,ENE,6.0,11.0
2016-08-02,E,43.0,ESE,E,11.0,20.0
2016-08-03,SE,43.0,ESE,ESE,28.0,20.0
2016-08-04,ESE,43.0,ESE,ESE,22.0,17.0
2016-08-05,E,44.0,SE,ESE,17.0,19.0
2016-08-06,E,44.0,ESE,E,17.0,19.0
2016-08-07,SSE,39.0,SSE,SE,7.0,13.0
2016-08-08,E,41.0,ESE,ESE,13.0,20.0
2016-08-09,SE,39.0,E,E,6.0,17.0
2016-08-10,SE,37.0,SE,E,6.0,13.0
2016-08-11,SE,43.0,ESE,SE,7.0,24.0
2016-08-12,ENE,50.0,SE,ENE,9.0,20.0
2016-08-13,NE,46.0,SE,NE,11.0,11.0
2016-08-14,ESE,46.0,ESE,SE,17.0,24.0
2016-08-15,ENE,46.0,SE,E,17.0,28.0
2016-08-16,ESE,41.0,ESE,SE,15.0,20.0
2016-08-17,ESE,31.0,SE,ESE,13.0,17.0
2016-08-18,ENE,35.0,N,E,11.0,11.0
2016-08-19,NE,30.0,NNE,ESE,15.0,13.0
2016-08-20,ENE,39.0,E,SE,4.0,19.0
2016-08-21,E,39.0,NNW,ENE,9.0,9.0
2016-08-22,WNW,35.0,NW,WNW,17.0,22.0
2016-08-23,NW,39.0,NW,NW,17.0,24.0
2016-08-24,SSW,33.0,NW,WSW,15.0,20.0
2016-08-25,ESE,33.0,ESE,NNW,20.0,11.0
2016-08-26,E,46.0,ESE,ESE,26.0,15.0
2016-08-27,E,46.0,ESE,SE,19.0,22.0
2016-08-28,ENE,30.0,E,S,7.0,11.0
2016-08-29,WNW,30.0,NNE,NNE,15.0,11.0
2016-08-30,N,24.0,NNW,E,7.0,7.0
2016-08-31,NE,30.0,NNE,S,7.0,13.0
2016-09-01,,,NNW,N,17.0,11.0
2016-09-02,S,31.0,SW,S,6.0,13.0
2016-09-03,NNE,35.0,ESE,SSE,17.0,17.0
2016-09-04,ENE,41.0,ESE,E,15.0,19.0
2016-09-05,E,35.0,SE,ENE,17.0,19.0
2016-09-06,ESE,39.0,E,SE,15.0,22.0
2016-09-07,SE,43.0,SE,S,7.0,15.0
2016-09-08,ENE,33.0,NNE,ENE,11.0,17.0
2016-09-09,ESE,39.0,N,E,9.0,13.0
2016-09-10,SE,44.0,NW,ESE,9.0,15.0
2016-09-11,ESE,46.0,WNW,ENE,6.0,20.0
2016-09-12,ENE,33.0,WSW,E,6.0,15.0
2016-09-13,NNE,31.0,NW,WNW,19.0,17.0
2016-09-14,W,35.0,NNW,WNW,15.0,13.0
2016-09-15,NW,28.0,NW,NW,15.0,13.0
2016-09-16,ENE,50.0,N,N,11.0,13.0
2016-09-17,NE,33.0,NNW,E,9.0,17.0
2016-09-18,N,43.0,NW,E,9.0,19.0
2016-09-19,ENE,30.0,ENE,ENE,11.0,15.0
2016-09-20,W,22.0,NNE,W,9.0,13.0
2016-09-21,E,30.0,ENE,ESE,15.0,13.0
2016-09-22,ESE,39.0,ESE,ESE,13.0,20.0
2016-09-23,SE,26.0,N,SE,2.0,11.0
2016-09-24,NNW,30.0,NW,NNW,19.0,13.0
2016-09-25,WSW,41.0,WNW,ESE,15.0,9.0
2016-09-26,ENE,35.0,NNW,NNE,11.0,13.0
2016-09-27,WNW,28.0,NW,NW,15.0,6.0
2016-09-28,SSE,43.0,NNW,WSW,19.0,24.0
2016-09-29,WSW,35.0,W,SW,13.0,13.0
2016-09-30,NE,35.0,N,N,15.0,11.0
2016-10-01,NW,46.0,NW,WSW,13.0,20.0
2016-10-02,NW,28.0,NW,NW,13.0,11.0
2016-10-03,SSE,41.0,SSE,SSE,17.0,22.0
2016-10-04,SE,43.0,ESE,ESE,17.0,20.0
2016-10-05,SE,39.0,E,ESE,22.0,20.0
2016-10-06,E,44.0,SE,E,13.0,17.0
2016-10-07,E,46.0,E,ESE,17.0,20.0
2016-10-08,E,44.0,ENE,ESE,4.0,24.0
2016-10-09,S,31.0,WSW,S,7.0,17.0
2016-10-10,,,WNW,S,17.0,13.0
2016-10-11,ENE,30.0,NW,ESE,11.0,6.0
2016-10-12,SE,35.0,ESE,E,26.0,15.0
2016-10-13,SE,35.0,E,SE,19.0,19.0
2016-10-14,E,39.0,E,N,17.0,4.0
2016-10-15,WNW,43.0,SE,E,11.0,11.0
2016-10-16,N,26.0,N,N,17.0,9.0
2016-10-17,N,35.0,NNW,NNW,15.0,9.0
2016-10-18,ESE,41.0,WSW,ENE,2.0,20.0
2016-10-19,ESE,31.0,NW,SE,7.0,11.0
2016-10-20,NE,33.0,N,NNE,9.0,13.0
2016-10-21,S,44.0,NW,NNE,7.0,13.0
2016-10-22,SE,44.0,E,SE,24.0,22.0
2016-10-23,SSE,44.0,SE,ESE,24.0,17.0
2016-10-24,ESE,35.0,E,E,24.0,9.0
2016-10-25,ENE,37.0,SE,E,7.0,6.0
2016-10-26,ESE,26.0,N,NNE,9.0,9.0
2016-10-27,ENE,37.0,NW,NNW,11.0,11.0
2016-10-28,NW,31.0,WNW,ESE,17.0,11.0
2016-10-29,E,35.0,WNW,ESE,17.0,15.0
2016-10-30,ENE,31.0,NNW,NNE,19.0,13.0
2016-10-31,NW,41.0,NNW,SW,17.0,9.0
2016-11-01,SSW,43.0,SSW,SW,24.0,20.0
2016-11-02,E,48.0,E,ENE,17.0,20.0
2016-11-03,E,44.0,SSW,E,6.0,22.0
2016-11-04,ENE,39.0,W,ESE,7.0,20.0
2016-11-05,ESE,31.0,NW,E,15.0,13.0
2016-11-06,WNW,31.0,WNW,NE,15.0,4.0
2016-11-07,WNW,41.0,WNW,NW,22.0,17.0
2016-11-08,WNW,52.0,WNW,W,26.0,17.0
2016-11-09,WNW,31.0,NW,NE,22.0,9.0
2016-11-10,NW,41.0,WNW,SW,19.0,6.0
2016-11-11,W,37.0,NNW,NW,15.0,17.0
2016-11-12,N,30.0,WNW,WNW,19.0,7.0
2016-11-13,NW,33.0,NW,NNW,15.0,9.0
2016-11-14,ESE,72.0,ESE,ESE,15.0,17.0
2016-11-15,ESE,44.0,ENE,ENE,17.0,13.0
2016-11-16,ENE,35.0,ENE,S,9.0,9.0
2016-11-17,ESE,35.0,WNW,ENE,13.0,20.0
2016-11-18,E,31.0,NNE,E,9.0,11.0
2016-11-19,WNW,48.0,NW,ENE,15.0,17.0
2016-11-20,N,37.0,NNE,N,11.0,11.0
2016-11-21,NE,35.0,NW,NW,9.0,11.0
2016-11-22,ENE,57.0,ESE,NNE,7.0,6.0
2016-11-23,NNE,26.0,NNE,N,13.0,11.0
2016-11-24,S,28.0,N,ENE,11.0,13.0
2016-11-25,SE,39.0,WNW,SW,11.0,17.0
2016-11-26,S,33.0,WSW,SE,9.0,15.0
2016-11-27,NNE,33.0,W,N,20.0,11.0
2016-11-28,E,56.0,NNW,W,11.0,6.0
2016-11-29,WNW,37.0,NW,WNW,17.0,9.0
2016-11-30,ENE,61.0,NW,N,13.0,13.0
2016-12-01,NW,67.0,WNW,N,13.0,13.0
2016-12-02,E,61.0,NNW,NNW,9.0,15.0
2016-12-03,E,39.0,,NE,0.0,20.0
2016-12-04,ENE,33.0,ESE,NE,4.0,20.0
2016-12-05,NNE,35.0,WNW,ENE,13.0,24.0
2016-12-06,ENE,33.0,NNW,NE,7.0,20.0
2016-12-07,NE,35.0,WNW,NNE,15.0,11.0
2016-12-08,NNW,35.0,NNW,ENE,17.0,19.0
2016-12-09,NE,41.0,NW,NNE,6.0,20.0
2016-12-10,E,52.0,WSW,SE,9.0,6.0
2016-12-11,NW,41.0,W,SE,11.0,13.0
2016-12-12,E,67.0,ESE,NNE,9.0,9.0
2016-12-13,NNE,50.0,N,S,7.0,6.0
2016-12-14,NNW,43.0,NNW,ESE,7.0,7.0
2016-12-15,NW,50.0,NW,WNW,7.0,19.0
2016-12-16,WSW,46.0,W,SW,17.0,24.0
2016-12-17,ENE,35.0,NW,WNW,15.0,13.0
2016-12-18,NNE,48.0,ENE,E,9.0,15.0
2016-12-19,E,44.0,E,E,9.0,20.0
2016-12-20,NE,44.0,NE,NNE,20.0,28.0
2016-12-21,NW,50.0,N,N,22.0,20.0
2016-12-22,WNW,37.0,N,NW,13.0,19.0
2016-12-23,NNE,44.0,NW,NW,7.0,6.0
2016-12-24,WNW,44.0,NNE,N,19.0,17.0
2016-12-25,N,39.0,E,N,6.0,15.0
2016-12-26,WSW,41.0,,NW,0.0,17.0
2016-12-27,NW,63.0,W,NNW,13.0,20.0
2016-12-28,NW,59.0,W,WNW,11.0,26.0
2016-12-29,W,43.0,WNW,W,11.0,20.0
2016-12-30,SSW,46.0,SSW,WNW,6.0,22.0
2016-12-31,W,57.0,NW,WNW,24.0,28.0
2017-01-01,WNW,39.0,NW,WSW,19.0,15.0
2017-01-02,NNW,28.0,NNE,NE,9.0,9.0
2017-01-03,NE,43.0,NE,NNE,15.0,9.0
2017-01-04,N,35.0,N,NNW,19.0,20.0
2017-01-05,WNW,39.0,NW,NW,17.0,19.0
2017-01-06,WNW,35.0,NW,WNW,20.0,19.0
2017-01-07,WSW,35.0,W,WNW,9.0,17.0
2017-01-08,WSW,46.0,WNW,SSW,11.0,19.0
2017-01-09,WSW,35.0,WNW,N,11.0,11.0
2017-01-10,NNW,28.0,WNW,N,11.0,15.0
2017-01-11,NW,33.0,NNW,N,11.0,9.0
2017-01-12,NW,31.0,NW,NW,13.0,11.0
2017-01-13,W,41.0,NW,SW,17.0,17.0
2017-01-14,WNW,28.0,N,NNW,11.0,6.0
2017-01-15,W,30.0,WNW,WNW,17.0,15.0
2017-01-16,SE,41.0,WNW,WNW,15.0,11.0
2017-01-17,NW,57.0,NW,NW,11.0,20.0
2017-01-18,W,59.0,N,N,13.0,13.0
2017-01-19,W,52.0,WNW,,9.0,0.0
2017-01-20,NW,57.0,WNW,NW,13.0,17.0
2017-01-21,S,43.0,WNW,NW,17.0,19.0
2017-01-22,SE,43.0,WNW,WNW,13.0,9.0
2017-01-23,ENE,41.0,W,NNW,9.0,9.0
2017-01-24,NNW,43.0,NW,NW,13.0,22.0
2017-01-25,NNW,43.0,N,NNW,17.0,11.0
2017-01-26,NW,28.0,N,W,13.0,7.0
2017-01-27,WNW,39.0,NE,WNW,4.0,28.0
2017-01-28,ESE,24.0,SSE,SE,6.0,7.0
2017-01-29,ENE,41.0,N,E,2.0,11.0
2017-01-30,ESE,24.0,NW,ESE,7.0,13.0
2017-01-31,ENE,30.0,W,E,2.0,11.0
2017-02-01,E,28.0,NNW,ENE,11.0,4.0
2017-02-02,,,NE,ENE,13.0,13.0
2017-02-03,NNW,33.0,SE,ESE,9.0,20.0
2017-02-04,SSE,24.0,SSE,N,4.0,15.0
2017-02-05,NW,46.0,NNE,N,13.0,19.0
2017-02-06,NW,63.0,N,NW,11.0,11.0
2017-02-07,WSW,59.0,NNE,SSW,13.0,15.0
2017-02-08,NW,57.0,NW,W,6.0,31.0
2017-02-09,N,24.0,WNW,NW,7.0,13.0
2017-02-10,N,30.0,SSW,NW,9.0,17.0
2017-02-11,S,39.0,W,SSE,15.0,19.0
2017-02-12,SSW,28.0,WNW,NNW,9.0,13.0
2017-02-13,WNW,35.0,NNW,WNW,9.0,13.0
2017-02-14,NW,39.0,NW,NW,17.0,26.0
2017-02-15,NW,39.0,WNW,WNW,22.0,22.0
2017-02-16,SE,46.0,WNW,W,19.0,17.0
2017-02-17,S,50.0,WNW,WSW,15.0,13.0
2017-02-18,SE,69.0,NW,WNW,11.0,15.0
2017-02-19,E,39.0,SSW,S,7.0,15.0
2017-02-20,SSE,37.0,S,S,9.0,13.0
2017-02-21,SSE,30.0,WSW,SSW,2.0,17.0
2017-02-22,SW,35.0,W,SSW,7.0,11.0
2017-02-23,SSW,26.0,NNE,SSE,6.0,13.0
2017-02-24,NNW,43.0,NE,N,13.0,31.0
2017-02-25,ESE,30.0,NE,E,4.0,9.0
2017-02-26,SE,30.0,SE,SE,2.0,9.0
2017-02-27,SE,33.0,,ESE,0.0,20.0
2017-02-28,E,37.0,E,E,9.0,20.0
2017-03-01,SE,33.0,NE,ESE,9.0,15.0
2017-03-02,E,39.0,ESE,ESE,4.0,24.0
2017-03-03,ESE,41.0,WNW,E,6.0,24.0
2017-03-04,ENE,54.0,ENE,SE,17.0,22.0
2017-03-05,ENE,41.0,ENE,NE,13.0,22.0
2017-03-06,NNE,54.0,NE,NE,20.0,22.0
2017-03-07,NNW,31.0,ENE,NE,13.0,15.0
2017-03-08,NNW,24.0,NNE,SSE,9.0,13.0
2017-03-09,SSE,26.0,ENE,SSW,2.0,15.0
2017-03-10,WNW,28.0,WNW,ESE,11.0,9.0
2017-03-11,SSE,57.0,WNW,WNW,7.0,17.0
2017-03-12,SE,37.0,W,WNW,7.0,9.0
2017-03-13,NE,48.0,WNW,S,11.0,7.0
2017-03-14,ESE,22.0,SSE,SE,11.0,13.0
2017-03-15,SE,30.0,WNW,ENE,2.0,17.0
2017-03-16,NNW,19.0,NW,SSW,11.0,7.0
2017-03-17,ESE,31.0,SSE,ESE,4.0,17.0
2017-03-18,ESE,54.0,NNE,E,7.0,15.0
2017-03-19,NNE,48.0,NE,WSW,6.0,4.0
2017-03-20,NNE,31.0,W,NE,7.0,4.0
2017-03-21,N,43.0,WNW,SE,2.0,9.0
2017-03-22,N,31.0,WNW,ENE,2.0,7.0
2017-03-23,ENE,28.0,WSW,NE,6.0,9.0
2017-03-24,E,33.0,WSW,ESE,6.0,24.0
2017-03-25,WNW,50.0,SE,WNW,6.0,9.0
2017-03-26,NNW,43.0,NNW,NNE,6.0,7.0
2017-03-27,NW,30.0,NW,SW,11.0,2.0
2017-03-28,NW,22.0,WNW,SW,15.0,9.0
2017-03-29,SW,41.0,W,SW,15.0,13.0
2017-03-30,SE,52.0,WNW,SSW,7.0,11.0
2017-03-31,,,SSE,E,17.0,15.0
2017-04-01,SE,41.0,ESE,SE,19.0,13.0
2017-04-02,ESE,33.0,SE,ESE,19.0,19.0
2017-04-03,,,SE,ESE,17.0,19.0
2017-04-04,SSE,28.0,S,ENE,7.0,13.0
2017-04-05,E,30.0,ESE,ESE,6.0,17.0
2017-04-06,E,37.0,S,ESE,4.0,20.0
2017-04-07,E,44.0,SE,E,9.0,20.0
2017-04-08,E,44.0,SE,E,11.0,22.0
2017-04-09,SE,43.0,ESE,SE,13.0,19.0
2017-04-10,E,48.0,SE,ESE,13.0,24.0
2017-04-11,SE,31.0,SE,SSE,17.0,7.0
2017-04-12,ESE,44.0,ESE,E,24.0,26.0
2017-04-13,E,33.0,E,E,15.0,17.0
2017-04-14,ENE,30.0,NE,E,4.0,17.0
2017-04-15,SE,33.0,N,E,6.0,17.0
2017-04-16,ENE,33.0,NE,E,9.0,13.0
2017-04-17,E,30.0,NNE,NE,9.0,17.0
2017-04-18,E,33.0,E,ESE,9.0,17.0
2017-04-19,E,33.0,ENE,ENE,19.0,17.0
2017-04-20,E,35.0,E,ESE,7.0,19.0
2017-04-21,ENE,43.0,ESE,E,9.0,20.0
2017-04-22,ESE,35.0,S,SE,7.0,20.0
2017-04-23,ENE,39.0,ENE,E,17.0,24.0
2017-04-24,E,41.0,SE,SE,9.0,24.0
2017-04-25,E,31.0,SE,ESE,6.0,19.0
2017-04-26,ESE,46.0,ESE,ESE,15.0,24.0
2017-04-27,ESE,44.0,ESE,ESE,28.0,24.0
2017-04-28,ESE,46.0,ESE,ESE,26.0,19.0
2017-04-29,E,35.0,ESE,SE,20.0,17.0
2017-04-30,ESE,30.0,ESE,SSW,11.0,9.0
2017-05-01,SSW,22.0,ENE,W,4.0,9.0
2017-05-02,E,35.0,ENE,E,7.0,19.0
2017-05-03,E,37.0,SSE,ESE,13.0,15.0
2017-05-04,E,33.0,SE,ESE,20.0,17.0
2017-05-05,E,43.0,ESE,ENE,9.0,19.0
2017-05-06,ENE,37.0,ESE,E,11.0,17.0
2017-05-07,E,44.0,SE,ESE,11.0,26.0
2017-05-08,ESE,43.0,SE,ESE,19.0,26.0
2017-05-09,E,37.0,ESE,ESE,13.0,20.0
2017-05-10,ESE,39.0,ESE,ESE,22.0,20.0
2017-05-11,ESE,39.0,ESE,SE,15.0,20.0
2017-05-12,E,33.0,SE,ESE,13.0,17.0
2017-05-13,ESE,35.0,E,SE,13.0,20.0
2017-05-14,ESE,37.0,ESE,SE,9.0,15.0
2017-05-15,ESE,39.0,ESE,ENE,9.0,17.0
2017-05-16,ENE,24.0,NE,E,7.0,6.0
2017-05-17,S,20.0,,SSW,0.0,13.0
2017-05-18,SSE,26.0,,SSE,0.0,11.0
2017-05-19,ESE,33.0,SE,SE,13.0,13.0
2017-05-20,E,24.0,ESE,SE,11.0,17.0
2017-05-21,E,41.0,SE,E,9.0,20.0
2017-05-22,ESE,37.0,E,E,17.0,17.0
2017-05-23,ENE,43.0,ESE,E,13.0,20.0
2017-05-24,SE,52.0,SE,SE,11.0,26.0
2017-05-25,ESE,46.0,E,E,15.0,17.0
2017-05-26,ESE,46.0,ESE,ESE,13.0,20.0
2017-05-27,E,43.0,ESE,ESE,13.0,22.0
2017-05-28,E,44.0,ESE,ESE,11.0,20.0
2017-05-29,ENE,52.0,E,ENE,15.0,26.0
2017-05-30,E,41.0,SE,ESE,20.0,15.0
2017-05-31,ESE,43.0,SE,ESE,26.0,19.0
2017-06-01,ESE,39.0,SE,ESE,20.0,22.0
2017-06-02,SE,44.0,SE,SE,20.0,20.0
2017-06-03,ESE,35.0,SE,E,20.0,17.0
2017-06-04,E,46.0,ESE,ESE,17.0,15.0
2017-06-05,E,39.0,E,ESE,19.0,17.0
2017-06-06,ESE,46.0,SE,ESE,20.0,19.0
2017-06-07,ESE,46.0,SE,E,19.0,24.0
2017-06-08,E,61.0,SE,ESE,13.0,20.0
2017-06-09,ESE,41.0,SE,SE,13.0,22.0
2017-06-10,ESE,44.0,ESE,E,11.0,20.0
2017-06-11,SE,41.0,SE,ESE,20.0,22.0
2017-06-12,ESE,50.0,ESE,ESE,11.0,22.0
2017-06-13,E,43.0,ESE,ESE,17.0,20.0
2017-06-14,ESE,35.0,SE,SE,11.0,17.0
2017-06-15,E,41.0,SE,ESE,13.0,20.0
2017-06-16,ENE,31.0,ESE,SE,9.0,17.0
2017-06-17,ESE,35.0,SE,ESE,13.0,20.0
2017-06-18,ESE,43.0,SE,E,20.0,24.0
2017-06-19,SE,41.0,SE,E,13.0,17.0
2017-06-20,E,35.0,SE,ESE,13.0,20.0
2017-06-21,ESE,43.0,ESE,ESE,17.0,22.0
2017-06-22,ESE,37.0,SE,ESE,11.0,15.0
2017-06-23,ESE,41.0,SE,SE,9.0,15.0
2017-06-24,E,35.0,E,E,13.0,19.0
2017-06-25,,,E,E,9.0,17.0
