Date,MinTemp,MaxTemp,Evaporation,Humidity9am,Humidity3pm,Pressure9am,Pressure3pm,Temp9am,Temp3pm
2013-03-01,19.7,30.0,,76.0,54.0,1010.6,1007.5,21.7,28.4
2013-03-02,21.6,33.1,,44.0,33.0,1010.5,1006.5,24.6,31.3
2013-03-03,21.3,36.1,,39.0,27.0,1006.9,1002.7,27.6,34.5
2013-03-04,22.9,37.7,,35.0,22.0,1006.0,1002.1,28.7,35.4
2013-03-05,24.0,39.0,,33.0,21.0,1006.9,1003.5,29.9,37.3
2013-03-06,24.3,39.7,,36.0,17.0,1007.9,1003.9,30.4,38.1
2013-03-07,26.6,38.6,,41.0,21.0,1008.3,1004.5,29.9,37.1
2013-03-08,26.9,39.4,,39.0,24.0,1008.9,1005.1,30.9,36.8
2013-03-09,24.4,40.0,,54.0,24.0,1010.4,1005.9,28.6,37.5
2013-03-10,25.4,39.8,,40.0,20.0,1010.7,1006.8,31.0,37.7
2013-03-11,23.9,39.5,,26.0,13.0,1010.3,1006.0,31.9,37.9
2013-03-12,20.6,40.9,,22.0,13.0,1009.2,1005.3,32.0,39.7
2013-03-13,22.3,37.3,,56.0,24.0,1012.6,1008.5,24.1,34.6
2013-03-14,19.8,33.8,,34.0,24.0,1013.8,1009.4,23.3,32.7
2013-03-15,17.2,35.9,,29.0,13.0,1015.3,1010.7,23.5,34.6
2013-03-16,19.1,37.9,,20.0,10.0,1016.1,1012.7,27.9,36.9
2013-03-17,21.9,35.4,,33.0,20.0,1018.6,1013.7,26.4,34.2
2013-03-18,19.6,34.9,,32.0,20.0,1016.3,1012.0,24.4,33.5
2013-03-19,20.0,36.6,,17.0,15.0,1015.6,1011.5,25.5,34.9
2013-03-20,19.7,39.6,,17.0,13.0,1014.8,1009.3,27.5,37.8
2013-03-21,25.9,39.8,,25.0,17.0,1010.4,1006.7,33.2,38.7
2013-03-22,22.9,37.8,,39.0,17.0,1013.9,1010.2,25.5,36.1
2013-03-23,22.4,34.6,,41.0,25.0,1014.9,1012.2,24.5,32.6
2013-03-24,22.5,37.2,,28.0,21.0,1015.6,1011.1,28.1,35.4
2013-03-25,21.3,32.5,,55.0,54.0,1015.3,1011.1,23.5,26.9
2013-03-26,19.6,38.0,,20.0,22.0,1010.1,1004.5,28.4,36.7
2013-03-27,25.4,34.7,,61.0,39.0,1009.7,1006.6,26.8,32.7
2013-03-28,16.9,20.0,,98.0,71.0,1018.1,1016.6,17.7,19.5
2013-03-29,14.9,26.5,,58.0,49.0,1017.0,1012.9,17.5,24.7
2013-03-30,14.8,16.4,,98.0,95.0,1015.3,1014.1,14.9,15.2
2013-03-31,14.4,23.4,,,56.0,,1015.2,,21.7
2013-04-01,13.6,27.3,,61.0,36.0,1020.1,1016.6,19.3,25.8
2013-04-02,16.0,27.7,,46.0,29.0,1019.9,1016.3,20.9,25.9
2013-04-03,15.0,29.9,,43.0,23.0,1019.1,1014.8,21.5,28.8
2013-04-04,15.4,29.7,,40.0,23.0,1019.6,1015.5,21.9,28.2
2013-04-05,19.3,29.1,,36.0,28.0,1019.4,1015.8,23.0,28.8
2013-04-06,14.5,31.5,,51.0,25.0,1018.7,1014.0,22.4,30.2
2013-04-07,17.4,32.7,,33.0,18.0,1017.9,1014.3,24.4,31.2
2013-04-08,17.2,32.3,,35.0,18.0,1019.7,1015.8,24.3,32.0
2013-04-09,17.1,31.7,,31.0,16.0,1020.7,1016.3,24.2,30.3
2013-04-10,14.9,31.8,,30.0,16.0,1019.8,1015.4,23.2,30.5
2013-04-11,14.8,31.1,,30.0,16.0,1018.5,1014.9,22.5,29.9
2013-04-12,15.1,30.6,,28.0,17.0,1018.4,1014.4,24.0,29.5
2013-04-13,11.8,32.0,,34.0,16.0,1017.2,1013.4,21.3,30.4
2013-04-14,15.0,33.7,,31.0,14.0,1015.2,1010.9,24.2,33.4
2013-04-15,18.5,32.4,,34.0,26.0,1013.1,1009.7,25.5,30.7
2013-04-16,15.5,29.9,,48.0,29.0,1015.9,1011.8,21.7,29.3
2013-04-17,14.9,31.9,,38.0,21.0,1015.2,1011.3,21.8,30.5
2013-04-18,16.0,32.6,,32.0,19.0,1015.6,1012.4,22.7,32.0
2013-04-19,16.1,33.5,,33.0,19.0,1017.6,1013.6,22.7,33.0
2013-04-20,15.9,36.0,,35.0,15.0,1015.0,1010.0,23.0,35.0
2013-04-21,15.4,33.8,,31.0,26.0,1010.5,1008.1,25.2,33.2
2013-04-22,15.7,31.2,,46.0,29.0,1014.1,1010.9,23.2,29.5
2013-04-23,16.3,29.9,,47.0,28.0,1017.4,1014.4,21.7,29.3
2013-04-24,14.6,29.3,,41.0,24.0,1021.2,1016.9,20.5,27.7
2013-04-25,13.8,28.9,,40.0,21.0,1023.0,1019.2,19.2,28.0
2013-04-26,11.0,29.6,,34.0,14.0,1022.7,1018.5,20.7,28.2
2013-04-27,8.4,29.2,,27.0,16.0,1020.6,1016.2,19.1,28.2
2013-04-28,11.0,30.8,,36.0,12.0,1019.1,1015.1,17.1,29.7
2013-04-29,8.4,32.6,,32.0,10.0,1019.2,1015.7,18.1,32.4
2013-04-30,11.9,32.8,,21.0,10.0,1020.2,1016.1,22.4,31.7
2013-05-01,11.6,32.5,,21.0,11.0,1020.2,1016.2,20.5,31.6
2013-05-02,12.4,32.4,,21.0,12.0,1019.6,1016.0,21.6,31.7
2013-05-03,14.1,32.8,,33.0,15.0,1019.9,1016.0,20.5,31.4
2013-05-04,14.3,33.0,,33.0,15.0,1020.5,1016.0,21.7,32.6
2013-05-05,15.9,29.0,,52.0,28.0,1019.3,1014.8,21.6,28.6
2013-05-06,11.9,31.3,,44.0,19.0,1017.8,1013.3,21.4,30.3
2013-05-07,12.1,32.6,,36.0,16.0,1016.6,1012.8,20.6,31.8
2013-05-08,14.4,32.3,,30.0,16.0,1018.8,1014.2,21.3,31.9
2013-05-09,13.8,30.9,,39.0,21.0,1018.8,1015.5,20.6,29.9
2013-05-10,13.4,31.9,,61.0,22.0,1019.4,1014.7,17.1,31.0
2013-05-11,15.6,31.3,,51.0,34.0,1016.9,1012.9,21.4,28.7
2013-05-12,14.3,20.2,,87.0,60.0,1021.9,1019.6,15.7,19.6
2013-05-13,8.1,20.3,,66.0,37.0,1024.6,1020.1,13.3,19.2
2013-05-14,7.8,17.0,,59.0,39.0,1021.9,1017.8,12.0,16.2
2013-05-15,10.5,17.6,,65.0,52.0,1018.9,1015.2,12.1,16.0
2013-05-16,3.3,21.6,,79.0,30.0,1018.9,1015.9,10.3,20.5
2013-05-17,5.1,23.1,,59.0,38.0,1019.3,1015.8,12.5,21.3
2013-05-18,5.5,23.7,,60.0,25.0,1020.9,1016.4,12.4,22.5
2013-05-19,11.5,23.4,,57.0,55.0,1018.1,1013.8,15.9,22.6
2013-05-20,13.6,20.3,,69.0,100.0,1014.2,1011.6,17.6,17.8
2013-05-21,16.6,22.3,,95.0,53.0,1010.0,1008.5,17.7,21.0
2013-05-22,10.0,20.9,,76.0,54.0,1016.5,1015.8,14.6,20.0
2013-05-23,9.9,18.5,,69.0,47.0,1023.5,1020.8,12.8,17.6
2013-05-24,8.3,19.8,,75.0,39.0,1026.5,1023.2,11.2,18.9
2013-05-25,8.3,20.4,,68.0,32.0,1026.5,1022.8,12.1,19.5
2013-05-26,5.9,20.5,,58.0,27.0,1025.0,1020.3,11.6,19.9
2013-05-27,5.6,20.8,,60.0,30.0,1023.1,1018.9,10.5,19.5
2013-05-28,5.8,24.5,,61.0,27.0,1020.3,1016.5,11.8,24.1
2013-05-29,7.3,27.4,,59.0,23.0,1018.5,1014.3,14.4,27.2
2013-05-30,14.4,24.7,,61.0,44.0,1017.3,1013.8,18.5,23.6
2013-05-31,16.1,23.6,,90.0,59.0,1016.9,1014.6,17.0,23.0
2013-06-01,12.1,13.4,,67.0,64.0,1022.9,1020.8,12.2,13.1
2013-06-02,10.6,17.5,,78.0,57.0,1025.0,1022.5,13.2,16.9
2013-06-03,11.0,15.9,,71.0,55.0,1025.8,1023.0,11.9,15.3
2013-06-04,11.2,14.5,,62.0,65.0,1022.4,1019.0,11.9,13.4
2013-06-05,10.8,16.4,,89.0,68.0,1019.3,1016.3,11.7,16.2
2013-06-06,11.7,15.1,,92.0,76.0,1020.8,1019.4,13.5,14.7
2013-06-07,12.2,18.9,,87.0,65.0,1025.7,1023.1,13.8,18.2
2013-06-08,13.6,19.6,,88.0,65.0,1025.4,1020.9,14.6,19.0
2013-06-09,10.9,24.3,,78.0,44.0,1022.2,1018.1,14.0,23.3
2013-06-10,10.2,26.2,,76.0,37.0,1019.9,1016.0,15.2,25.2
2013-06-11,11.9,21.5,,78.0,34.0,1019.0,1017.6,16.2,21.0
2013-06-12,3.1,17.3,,81.0,45.0,1022.4,1017.8,8.7,16.5
2013-06-13,8.1,19.0,,73.0,38.0,1019.4,1016.1,10.9,18.1
2013-06-14,5.3,17.9,,71.0,38.0,1021.7,1018.1,9.4,17.2
2013-06-15,9.2,17.1,,66.0,42.0,1021.9,1018.3,10.3,16.4
2013-06-16,9.0,15.7,,75.0,53.0,1020.6,1016.5,10.2,15.4
2013-06-17,9.7,18.7,,81.0,45.0,1017.6,1014.4,11.5,18.0
2013-06-18,9.4,18.4,,64.0,41.0,1018.1,1016.4,11.6,18.0
2013-06-19,9.7,11.5,,89.0,85.0,1020.2,1019.5,10.1,10.6
2013-06-20,7.7,16.2,,92.0,56.0,1023.1,1020.6,9.8,15.2
2013-06-21,3.5,17.9,,94.0,36.0,1023.2,1021.3,7.8,16.6
2013-06-22,3.5,18.6,,84.0,34.0,1023.5,1021.1,8.3,18.3
2013-06-23,-0.1,18.2,,81.0,31.0,1025.0,1020.9,6.7,17.2
2013-06-24,4.9,18.0,,63.0,30.0,1023.1,1020.4,9.1,17.5
2013-06-25,9.1,19.3,,78.0,31.0,1021.6,1019.4,11.5,19.1
2013-06-26,10.7,13.8,,88.0,70.0,1018.7,1017.1,11.3,13.6
2013-06-27,11.0,17.8,,86.0,61.0,1018.8,1016.8,11.6,16.7
2013-06-28,8.7,20.1,,64.0,38.0,1022.4,1020.8,12.3,18.8
2013-06-29,7.6,19.5,,65.0,34.0,1029.0,1026.9,10.6,18.9
2013-06-30,6.6,18.9,,65.0,29.0,1032.2,1028.8,9.8,17.7
2013-07-01,4.4,19.1,,70.0,34.0,1030.6,1026.2,8.6,18.7
2013-07-02,3.8,19.5,,71.0,33.0,1027.8,1023.2,9.0,18.7
2013-07-03,1.5,21.3,,69.0,28.0,1023.8,1019.5,8.2,19.9
2013-07-04,0.4,23.0,,64.0,24.0,1019.9,1015.4,8.5,22.0
2013-07-05,6.3,18.7,,51.0,37.0,1022.5,1019.4,10.5,17.7
2013-07-06,5.5,21.5,,67.0,26.0,1023.4,1020.1,8.6,20.9
2013-07-07,4.7,22.5,,54.0,22.0,1025.9,1023.0,9.1,22.2
2013-07-08,5.7,19.2,,47.0,26.0,1029.3,1025.6,10.6,18.7
2013-07-09,7.7,11.5,,92.0,80.0,1027.4,1023.6,8.2,10.7
2013-07-10,8.1,20.8,,99.0,57.0,1024.6,1020.3,9.2,18.7
2013-07-11,9.0,23.1,,92.0,49.0,1024.4,1019.7,12.9,22.1
2013-07-12,10.2,27.9,,85.0,30.0,1020.5,1015.8,14.3,27.8
2013-07-13,10.5,28.4,,80.0,33.0,1016.6,1014.5,15.5,27.7
2013-07-14,8.7,24.8,,61.0,33.0,1021.2,1018.2,14.1,24.3
2013-07-15,8.0,23.0,,70.0,39.0,1024.1,1020.0,12.4,21.9
2013-07-16,7.5,26.4,,74.0,35.0,1021.6,1016.4,12.3,25.1
2013-07-17,8.4,28.6,,77.0,22.0,1013.0,1007.7,13.3,27.3
2013-07-18,4.4,19.9,,54.0,25.0,1016.0,1013.5,8.9,19.3
2013-07-19,2.3,15.8,,72.0,39.0,1021.2,1020.7,9.2,14.7
2013-07-20,1.5,16.8,,64.0,32.0,1025.8,1021.2,9.3,16.1
2013-07-21,0.9,16.1,,74.0,38.0,1023.7,1020.1,9.5,15.3
2013-07-22,-0.2,17.4,,63.0,30.0,1026.4,1023.7,7.3,16.9
2013-07-23,2.9,17.9,,62.0,27.0,1030.6,1027.4,7.6,17.3
2013-07-24,2.3,18.8,,55.0,25.0,1030.4,1026.2,7.7,18.0
2013-07-25,-0.9,20.3,,54.0,21.0,1027.9,1023.7,7.4,19.5
2013-07-26,1.4,21.9,,54.0,16.0,1024.5,1019.5,9.0,20.9
2013-07-27,-0.1,25.2,,44.0,15.0,1019.1,1014.9,10.2,24.4
2013-07-28,2.8,24.9,,38.0,23.0,1019.6,1017.1,13.1,23.3
2013-07-29,3.5,22.9,,57.0,27.0,1024.0,1020.8,11.2,22.5
2013-07-30,6.1,21.3,,58.0,29.0,1024.4,1019.7,11.5,20.5
2013-07-31,5.8,22.5,,50.0,26.0,1021.9,1017.8,11.6,21.3
2013-08-01,5.6,24.8,,48.0,24.0,1020.0,1016.7,11.7,23.1
2013-08-02,6.5,23.8,,41.0,18.0,1023.9,1021.4,13.9,22.8
2013-08-03,2.1,22.7,,54.0,25.0,1026.8,1022.8,11.0,22.2
2013-08-04,0.7,23.5,,50.0,21.0,1025.6,1021.2,10.8,22.7
2013-08-05,1.9,25.2,,49.0,15.0,1023.1,1018.3,10.9,24.0
2013-08-06,1.3,27.2,,38.0,12.0,1020.4,1016.7,12.6,26.2
2013-08-07,3.9,27.0,,37.0,15.0,1020.7,1017.3,14.1,25.9
2013-08-08,5.9,27.9,,43.0,15.0,1020.6,1016.5,14.2,27.2
2013-08-09,6.2,29.6,,44.0,12.0,1018.6,1015.3,14.2,28.4
2013-08-10,6.7,30.5,,36.0,12.0,1017.7,1014.9,15.8,29.6
2013-08-11,6.2,31.5,,39.0,11.0,1015.6,1012.2,15.5,30.5
2013-08-12,11.0,26.1,,55.0,33.0,1017.7,1015.3,17.6,25.1
2013-08-13,8.6,29.3,,49.0,20.0,1017.9,1013.2,16.9,28.7
2013-08-14,10.3,25.8,,28.0,17.0,1018.5,1017.0,18.6,25.1
2013-08-15,9.3,26.4,,38.0,21.0,1020.4,1014.2,14.9,24.9
2013-08-16,13.9,25.5,,36.0,21.0,1010.7,1011.0,19.7,23.5
2013-08-17,1.8,22.2,,31.0,12.0,1020.8,1017.2,11.6,21.4
2013-08-18,2.2,26.0,,26.0,9.0,1021.0,1017.2,13.0,24.6
2013-08-19,5.6,24.9,,36.0,18.0,1021.7,1017.7,15.0,23.6
2013-08-20,8.8,23.0,,53.0,29.0,1022.4,1018.8,13.0,22.1
2013-08-21,7.1,22.7,,47.0,23.0,1022.4,1019.0,12.4,21.2
2013-08-22,2.9,21.6,,37.0,23.0,1024.7,1021.6,13.8,20.6
2013-08-23,2.0,23.2,,47.0,21.0,1026.3,1022.4,12.7,22.5
2013-08-24,8.0,24.6,,40.0,19.0,1025.8,1021.2,15.3,24.2
2013-08-25,5.2,25.4,,40.0,15.0,1024.7,1020.1,15.0,24.4
2013-08-26,3.8,29.1,,34.0,10.0,1021.8,1016.9,16.1,27.8
2013-08-27,5.6,31.1,,23.0,11.0,1019.9,1016.0,18.5,30.4
2013-08-28,6.2,32.7,,26.0,9.0,1016.5,1010.8,19.2,31.6
2013-08-29,9.4,29.3,,32.0,15.0,1017.3,1013.2,18.3,28.5
2013-08-30,8.2,34.6,,29.0,13.0,1014.5,1009.6,19.9,33.7
2013-08-31,11.2,32.7,,29.0,18.0,1017.7,1014.7,22.3,31.6
2013-09-01,13.0,35.4,,28.0,17.0,1020.6,1016.6,22.9,34.8
2013-09-02,14.9,34.2,,33.0,17.0,1022.2,1019.2,26.4,32.8
2013-09-03,16.0,35.0,,36.0,12.0,1022.0,1017.3,22.9,33.3
2013-09-04,12.9,34.9,,20.0,10.0,1021.1,1017.0,23.8,34.2
2013-09-05,13.7,33.7,,29.0,11.0,1021.9,1018.3,24.1,32.7
2013-09-06,11.3,33.5,,25.0,9.0,1022.2,1017.8,21.8,32.0
2013-09-07,13.4,32.9,,20.0,8.0,1020.4,1015.9,22.3,32.0
2013-09-08,9.3,33.1,,19.0,9.0,1018.4,1013.4,21.4,32.0
2013-09-09,11.6,33.4,,30.0,11.0,1015.8,1011.0,21.7,32.3
2013-09-10,11.7,31.5,,31.0,17.0,1015.7,1011.3,19.6,29.7
2013-09-11,11.8,35.4,,28.0,11.0,1013.2,1008.3,22.9,34.1
2013-09-12,16.7,32.7,,23.0,15.0,1011.9,1009.6,25.6,31.2
2013-09-13,10.2,30.0,,27.0,13.0,1017.0,1011.7,20.2,28.8
2013-09-14,7.6,34.2,,22.0,11.0,1011.8,1005.9,21.3,33.0
2013-09-15,13.4,32.1,,23.0,10.0,1009.0,1005.6,21.5,31.6
2013-09-16,9.4,26.9,,37.0,22.0,1015.9,1012.2,17.3,25.6
2013-09-17,6.9,31.6,,30.0,10.0,1013.2,1007.8,20.0,30.2
2013-09-18,9.6,26.8,,27.0,15.0,1015.2,1010.4,17.0,24.5
2013-09-19,6.6,28.4,,24.0,8.0,1015.0,1011.6,18.6,27.3
2013-09-20,3.7,31.9,,14.0,6.0,1016.6,1011.4,19.8,30.2
2013-09-21,8.4,35.2,,14.0,7.0,1014.1,1009.9,21.8,34.6
2013-09-22,10.9,37.3,,11.0,7.0,1011.4,1006.1,25.6,36.6
2013-09-23,14.3,36.0,,11.0,7.0,1009.2,1005.7,27.6,34.9
2013-09-24,10.4,35.5,,16.0,7.0,1011.8,1008.0,24.7,34.0
2013-09-25,10.9,36.3,,20.0,8.0,1013.4,1009.6,23.7,35.0
2013-09-26,15.0,30.2,,30.0,15.0,1019.0,1013.5,19.7,27.6
2013-09-27,12.4,33.7,,17.0,8.0,1016.4,1012.6,24.0,32.4
2013-09-28,13.4,33.4,,24.0,10.0,1018.3,1012.8,22.2,32.2
2013-09-29,13.7,35.9,,35.0,12.0,1014.7,1008.7,24.5,34.8
2013-09-30,15.0,36.8,,25.0,15.0,1010.6,1005.8,29.0,35.3
2013-10-01,14.8,29.7,,47.0,21.0,1018.9,1014.4,17.1,27.9
2013-10-02,10.7,31.7,,20.0,9.0,1020.2,1016.7,22.0,30.4
2013-10-03,13.6,30.1,,34.0,11.0,1022.8,1018.2,19.7,28.6
2013-10-04,10.3,31.7,,20.0,6.0,1020.3,1013.9,20.1,29.7
2013-10-05,9.1,35.3,,11.0,5.0,1014.8,1010.1,23.2,33.7
2013-10-06,11.0,38.5,,12.0,6.0,1011.1,1008.2,21.8,37.5
2013-10-07,12.8,41.1,,12.0,5.0,1010.6,1008.6,25.4,38.2
2013-10-08,21.1,41.2,,13.0,4.0,1013.6,1009.9,26.4,38.8
2013-10-09,15.8,41.4,,15.0,4.0,1012.3,1008.5,24.1,39.7
2013-10-10,17.9,33.6,,20.0,19.0,1012.3,1012.0,28.8,31.7
2013-10-11,15.7,29.7,,47.0,19.0,1017.7,1012.2,19.2,27.9
2013-10-12,15.9,37.8,,24.0,8.0,1011.8,1006.5,23.7,36.6
2013-10-13,15.4,27.1,,46.0,17.0,1019.2,1016.0,17.3,25.9
2013-10-14,11.2,26.3,,26.0,14.0,1023.0,1017.9,17.1,24.4
2013-10-15,10.5,30.9,,20.0,10.0,1021.0,1015.6,18.6,29.0
2013-10-16,9.5,38.1,,15.0,9.0,1015.3,1009.1,25.3,37.1
2013-10-17,18.0,32.0,,46.0,18.0,1018.8,1014.5,21.0,31.1
2013-10-18,15.8,33.4,,20.0,10.0,1019.5,1014.2,21.7,32.5
2013-10-19,15.3,39.9,,8.0,6.0,1015.1,1009.2,26.0,38.1
2013-10-20,20.1,40.4,,8.0,8.0,1010.5,1005.7,33.4,38.7
2013-10-21,23.8,35.1,,30.0,19.0,1010.1,1007.5,29.0,34.0
2013-10-22,16.0,30.2,,42.0,18.0,1017.3,1013.6,19.5,27.7
2013-10-23,16.6,29.6,,42.0,23.0,1018.8,1015.2,19.9,27.8
2013-10-24,12.4,28.4,,28.0,16.0,1021.7,1017.3,19.5,27.0
2013-10-25,11.9,31.9,,22.0,9.0,1022.4,1017.2,21.5,30.4
2013-10-26,13.8,35.0,,9.0,6.0,1022.0,1016.4,24.2,33.7
2013-10-27,14.2,37.9,,6.0,6.0,1018.0,1012.8,27.1,36.7
2013-10-28,18.8,36.6,,23.0,11.0,1015.9,1012.6,29.0,35.0
2013-10-29,18.3,32.3,,27.0,14.0,1019.6,1014.4,22.3,30.9
2013-10-30,16.6,33.1,,22.0,13.0,1019.0,1014.3,23.2,31.1
2013-10-31,15.8,35.1,,12.0,10.0,1019.2,1014.6,25.6,33.1
2013-11-01,16.9,36.6,,10.0,7.0,1018.0,1013.1,26.6,35.4
2013-11-02,15.7,36.8,,7.0,5.0,1017.2,1012.6,28.3,35.4
2013-11-03,14.9,38.2,,8.0,5.0,1017.2,1013.1,30.1,37.0
2013-11-04,21.3,38.3,,15.0,9.0,1018.4,1013.9,28.8,36.9
2013-11-05,20.7,38.9,,9.0,7.0,1017.0,1011.6,28.5,37.2
2013-11-06,18.7,41.4,,9.0,6.0,1012.8,1007.5,31.1,40.0
2013-11-07,22.6,42.4,,10.0,6.0,1007.7,1003.5,34.4,40.5
2013-11-08,18.7,31.7,,62.0,31.0,1013.1,1009.8,20.7,29.9
2013-11-09,18.5,31.6,,29.0,20.0,1015.3,1011.5,22.4,29.6
2013-11-10,16.5,31.1,,22.0,15.0,1016.4,1011.4,21.5,29.2
2013-11-11,15.7,30.2,,18.0,11.0,1016.3,1011.1,21.5,29.4
2013-11-12,13.3,31.7,,14.0,8.0,1014.8,1010.3,22.6,31.0
2013-11-13,14.7,35.9,,9.0,7.0,1014.1,1009.4,24.8,33.7
2013-11-14,17.4,38.2,,9.0,8.0,1013.9,1009.0,27.0,36.6
2013-11-15,21.1,38.8,,13.0,9.0,1009.9,1006.8,32.7,37.5
2013-11-16,21.1,34.6,,29.0,17.0,1010.2,1007.4,26.3,32.3
2013-11-17,16.6,34.6,,20.0,8.0,1011.1,1007.2,26.7,33.1
2013-11-18,21.7,34.2,,12.0,10.0,1009.3,1005.2,27.2,33.0
2013-11-19,20.0,35.8,,26.0,18.0,1008.1,1002.9,28.9,34.0
2013-11-20,17.9,33.9,,78.0,27.0,1009.5,1005.2,21.0,31.6
2013-11-21,18.3,29.3,,84.0,37.0,1011.4,1007.5,19.8,27.5
2013-11-22,18.0,36.3,,53.0,24.0,1011.2,1005.1,21.6,34.4
2013-11-23,20.1,34.0,,29.0,31.0,1008.0,1004.4,28.9,32.2
2013-11-24,17.9,36.0,,58.0,24.0,1007.9,1003.0,25.5,34.8
2013-11-25,20.8,35.8,,37.0,30.0,1005.7,1003.0,26.3,32.8
2013-11-26,23.3,30.4,,43.0,48.0,1007.9,1006.5,27.1,28.1
2013-11-27,19.4,39.6,,36.0,14.0,1009.1,1004.0,30.3,38.3
2013-11-28,16.5,32.0,,98.0,58.0,1011.0,1005.7,17.1,28.6
2013-11-29,17.0,36.8,,45.0,30.0,1009.4,1005.5,26.9,34.6
2013-11-30,26.1,39.1,,33.0,22.0,1008.5,1004.1,29.7,37.0
2013-12-01,22.7,39.4,,52.0,25.0,1010.3,1006.8,29.7,37.8
2013-12-02,25.7,41.4,,27.0,17.0,1010.4,1005.9,32.7,39.3
2013-12-03,29.3,41.7,,32.0,21.0,1006.9,1003.2,34.4,39.4
2013-12-04,20.9,33.1,,46.0,31.0,1010.4,1007.8,23.4,31.2
2013-12-05,16.6,31.5,,33.0,9.0,1015.8,1012.0,20.0,30.4
2013-12-06,14.9,33.6,,20.0,9.0,1015.8,1011.1,24.5,31.2
2013-12-07,16.2,37.6,,15.0,8.0,1013.5,1009.0,27.7,36.2
2013-12-08,21.4,39.8,,19.0,16.0,1010.8,1006.1,29.5,37.8
2013-12-09,23.3,35.1,,85.0,38.0,1010.0,1006.9,23.9,33.7
2013-12-10,21.3,33.2,,48.0,24.0,1012.8,1008.4,23.3,31.4
2013-12-11,22.0,26.1,,22.0,35.0,1012.2,1012.3,25.3,24.6
2013-12-12,14.1,33.6,,35.0,14.0,1013.4,1009.3,24.0,31.9
2013-12-13,16.0,36.0,,14.0,9.0,1013.9,1010.0,28.4,34.9
2013-12-14,20.7,36.4,,17.0,9.0,1015.2,1010.4,28.5,34.7
2013-12-15,20.6,37.3,,13.0,9.0,1014.1,1010.1,30.4,36.0
2013-12-16,22.2,39.1,,14.0,8.0,1013.5,1009.0,29.9,37.7
2013-12-17,19.7,40.1,,27.0,8.0,1012.5,1008.3,32.3,37.8
2013-12-18,24.4,40.2,,8.0,7.0,1011.7,1008.4,32.9,39.4
2013-12-19,23.3,42.7,,15.0,6.0,1010.6,1006.3,33.8,41.0
2013-12-20,25.5,43.0,,26.0,13.0,1007.9,1003.1,34.9,41.2
2013-12-21,21.2,27.7,,72.0,65.0,1009.3,1009.6,23.3,26.6
2013-12-22,21.4,24.8,,72.0,97.0,1010.6,1010.4,23.8,17.7
2013-12-23,16.6,26.4,,74.0,50.0,1014.2,1012.6,19.3,24.9
2013-12-24,18.0,28.6,,48.0,41.0,1014.1,1010.6,22.5,27.1
2013-12-25,15.9,35.7,,57.0,18.0,1012.0,1008.2,26.0,34.3
2013-12-26,18.7,39.1,,47.0,15.0,1012.2,1007.7,29.3,38.1
2013-12-27,19.5,40.5,,28.0,12.0,1009.9,1005.0,30.9,39.3
2013-12-28,19.5,43.8,,13.0,8.0,1008.4,1004.7,34.3,41.5
2013-12-29,24.5,43.1,,21.0,8.0,1010.4,1006.2,31.6,41.1
2013-12-30,23.8,43.1,,35.0,17.0,1010.3,1007.0,32.0,38.6
2013-12-31,22.1,43.0,,29.0,14.0,1010.1,1006.3,34.1,40.9
2014-01-01,24.7,44.4,,26.0,15.0,1007.5,1003.8,36.0,42.0
2014-01-02,31.0,42.7,,34.0,16.0,1008.1,1005.6,34.4,41.2
2014-01-03,23.1,37.4,,48.0,12.0,1012.0,1008.2,25.5,35.6
2014-01-04,21.5,35.9,,31.0,15.0,1013.3,1008.2,26.3,33.8
2014-01-05,20.0,36.5,,13.0,10.0,1012.7,1009.3,28.5,35.2
2014-01-06,18.3,36.0,,29.0,11.0,1016.0,1011.7,26.4,34.2
2014-01-07,16.0,35.0,,19.0,8.0,1016.4,1010.7,25.1,32.8
2014-01-08,17.2,36.3,,14.0,7.0,1012.8,1007.6,26.4,35.5
2014-01-09,18.4,37.6,,11.0,6.0,1011.3,1006.9,28.1,36.1
2014-01-10,16.5,39.7,,9.0,6.0,1011.6,1008.7,30.9,38.3
2014-01-11,22.5,41.4,,8.0,7.0,1013.2,1009.3,33.6,39.7
2014-01-12,26.2,41.6,,18.0,10.0,1011.0,1006.4,34.6,40.3
2014-01-13,24.9,39.5,,22.0,25.0,1007.2,1003.9,32.8,34.3
2014-01-14,24.4,40.5,,30.0,21.0,1006.7,1003.7,32.8,37.2
2014-01-15,23.3,40.0,,31.0,16.0,1007.2,1002.5,32.9,38.8
2014-01-16,24.0,30.4,,74.0,,1006.4,,25.4,
2014-01-17,22.3,29.7,,94.0,72.0,1005.5,1003.3,23.5,27.0
2014-01-18,21.9,25.3,,97.0,90.0,1006.4,1005.2,22.6,23.7
2014-01-19,21.1,28.5,,80.0,62.0,1007.7,1005.9,23.5,28.1
2014-01-20,21.5,29.0,,69.0,57.0,1007.1,1005.4,25.0,27.4
2014-01-21,23.0,35.3,,66.0,28.0,1007.3,1003.5,26.1,34.2
2014-01-22,26.0,38.6,,40.0,30.0,1006.9,1004.0,31.6,35.8
2014-01-23,26.4,39.1,,13.0,30.0,1007.6,1004.2,31.8,37.8
2014-01-24,29.3,42.3,,37.0,24.0,1005.7,1002.5,34.5,39.7
2014-01-25,20.7,28.8,,87.0,61.0,1012.6,1010.3,22.0,26.7
2014-01-26,21.6,36.3,,32.0,25.0,1010.7,1007.2,28.7,34.8
2014-01-27,24.3,40.2,,19.0,20.0,1007.9,1003.8,32.4,39.3
2014-01-28,24.3,37.8,,46.0,27.0,1007.9,1003.7,32.0,37.1
2014-01-29,23.3,41.2,,45.0,14.0,1007.9,1003.8,31.5,40.1
2014-01-30,25.0,41.9,,19.0,11.0,1006.4,1002.8,33.8,40.5
2014-01-31,25.3,41.4,,15.0,8.0,1005.5,1002.2,33.5,39.6
2014-02-01,19.9,40.7,,11.0,7.0,1002.7,999.0,32.5,38.6
2014-02-02,27.5,40.4,,32.0,14.0,1002.3,997.9,31.0,37.9
2014-02-03,26.1,35.0,,54.0,69.0,1003.6,1001.5,30.8,28.8
2014-02-04,20.9,31.7,,53.0,89.0,1005.7,1003.0,27.7,27.0
2014-02-05,21.3,37.6,,50.0,21.0,1006.7,1003.4,28.7,35.8
2014-02-06,23.0,39.2,,29.0,16.0,1007.1,1003.3,31.4,37.7
2014-02-07,24.1,39.5,,28.0,16.0,1007.1,1003.1,32.1,38.2
2014-02-08,23.5,38.9,,27.0,16.0,1006.3,1002.4,32.7,37.3
2014-02-09,21.8,41.0,,29.0,15.0,1007.8,1004.5,32.0,39.5
2014-02-10,24.9,40.8,,24.0,16.0,1007.0,1002.4,33.0,39.8
2014-02-11,26.2,38.2,,54.0,34.0,1005.3,1001.2,31.3,36.7
2014-02-12,27.3,37.2,,47.0,37.0,1003.6,999.9,30.9,35.1
2014-02-13,23.3,33.3,,79.0,53.0,1006.0,1002.6,25.8,32.4
2014-02-14,24.9,35.0,,67.0,62.0,1001.8,998.9,29.1,30.2
2014-02-15,22.0,30.3,,70.0,47.0,1004.7,1002.8,24.7,28.6
2014-02-16,16.6,34.0,,55.0,21.0,1010.0,1006.4,22.6,31.3
2014-02-17,17.3,35.7,,32.0,12.0,1010.5,1006.7,25.9,34.1
2014-02-18,17.5,36.7,,20.0,10.0,1010.0,1005.2,28.1,35.6
2014-02-19,20.1,32.6,,46.0,17.0,1010.9,1007.5,22.3,30.8
2014-02-20,17.7,32.5,,44.0,21.0,1014.3,1010.2,21.2,30.1
2014-02-21,15.2,31.3,,27.0,16.0,1017.5,1013.3,21.8,30.2
2014-02-22,15.7,32.2,,27.0,13.0,1017.6,1012.9,22.3,30.4
2014-02-23,15.3,34.0,,24.0,11.0,1015.6,1010.9,23.5,31.6
2014-02-24,18.4,,,23.0,,1014.1,,24.9,
2014-02-25,,27.2,,,49.0,,1010.1,,26.7
2014-02-26,16.1,34.0,,34.0,20.0,1012.1,1008.5,24.0,32.6
2014-02-27,16.7,33.0,,42.0,24.0,1014.0,1011.4,21.1,30.8
2014-02-28,17.9,34.5,,33.0,16.0,1014.5,1011.2,22.0,33.3
2014-03-01,21.2,36.1,,25.0,17.0,1014.9,1011.0,26.9,34.1
2014-03-02,20.5,35.3,,25.0,16.0,1015.2,1011.3,27.1,33.8
2014-03-03,18.2,35.8,,27.0,14.0,1015.8,1011.4,27.1,34.0
2014-03-04,19.3,36.5,,28.0,15.0,1016.2,1011.9,28.1,35.9
2014-03-05,22.9,37.3,,42.0,20.0,1015.5,1010.7,28.3,34.2
2014-03-06,22.0,36.7,,25.0,22.0,1014.2,1010.5,30.7,34.7
2014-03-07,25.9,36.1,,28.0,36.0,1015.8,1012.7,29.7,28.7
2014-03-08,,36.4,,36.0,19.0,1014.7,1009.8,26.6,33.9
2014-03-09,20.0,37.4,,36.0,18.0,1013.0,1008.6,28.4,36.2
2014-03-10,21.7,38.9,,26.0,13.0,1013.9,1010.1,30.2,37.6
2014-03-11,,38.6,,,14.0,,1011.5,,38.2
2014-03-12,21.8,37.6,,25.0,14.0,1016.7,1012.5,28.6,36.0
2014-03-13,22.4,,,31.0,20.0,1015.7,1013.3,28.7,34.8
2014-03-14,,,,,,,,,
2014-03-15,,40.1,,,15.0,,1006.7,,37.9
2014-03-16,23.5,37.0,,36.0,20.0,1014.1,1010.1,25.6,35.8
2014-03-17,20.2,37.9,,27.0,19.0,1015.5,1011.4,27.4,35.7
2014-03-18,20.8,38.4,,25.0,20.0,1017.0,1013.4,28.8,37.1
2014-03-19,23.2,37.3,,23.0,16.0,1019.4,1014.8,28.2,35.2
2014-03-20,20.3,36.2,,26.0,12.0,1017.0,1011.6,27.6,34.5
2014-03-21,21.3,36.7,,23.0,13.0,1015.2,1011.0,28.3,35.6
2014-03-22,22.2,35.8,,32.0,16.0,1015.6,1011.3,27.2,34.9
2014-03-23,22.0,34.7,,27.0,18.0,1017.2,1014.2,27.4,33.7
2014-03-24,,31.0,,28.0,22.0,,1013.8,22.5,29.3
2014-03-25,12.8,28.7,,35.0,19.0,1018.5,1013.7,20.3,27.8
2014-03-26,12.2,29.7,,33.0,17.0,1017.1,1012.8,21.9,28.1
2014-03-27,11.5,32.5,,25.0,12.0,1015.0,1010.8,22.4,30.4
2014-03-28,13.8,32.8,,28.0,14.0,1016.1,1011.9,23.2,30.8
2014-03-29,17.5,35.1,,23.0,9.0,1014.6,1011.1,23.9,34.8
2014-03-30,18.1,37.4,,22.0,9.0,1014.7,1011.1,23.7,35.6
2014-03-31,18.7,37.6,,21.0,22.0,1014.1,1009.7,27.0,35.4
2014-04-01,19.2,37.2,,54.0,24.0,1014.4,1009.2,26.5,35.1
2014-04-02,20.5,36.7,,32.0,21.0,1012.3,1009.1,28.5,35.1
2014-04-03,19.1,28.8,,87.0,49.0,1017.4,1014.2,20.2,27.4
2014-04-04,16.0,28.7,,79.0,45.0,1018.5,1014.1,16.8,27.0
2014-04-05,16.7,32.2,,42.0,31.0,1017.3,1013.1,21.6,30.5
2014-04-06,19.3,22.0,,94.0,96.0,1017.3,1014.9,19.4,21.0
2014-04-07,18.4,20.6,,98.0,96.0,1012.4,1010.6,20.0,19.4
2014-04-08,16.4,19.4,,100.0,,1014.3,,17.4,
2014-04-09,16.0,26.9,,98.0,63.0,1012.5,1011.5,17.3,23.0
2014-04-10,14.6,29.4,,93.0,31.0,1012.8,1011.3,14.7,28.7
2014-04-11,15.7,26.2,,71.0,43.0,1016.4,1012.6,20.2,25.3
2014-04-12,12.5,26.4,,62.0,31.0,1016.4,1012.6,19.5,25.8
2014-04-13,12.6,26.8,,57.0,27.0,1017.9,1014.7,18.3,26.2
2014-04-14,12.6,26.5,,52.0,27.0,1018.7,1015.1,18.4,25.6
2014-04-15,12.5,27.3,,49.0,26.0,1019.9,1016.6,19.2,26.6
2014-04-16,12.7,28.4,,41.0,18.0,1020.3,1016.4,19.7,27.4
2014-04-17,11.4,28.8,,44.0,20.0,1020.6,1017.6,19.2,27.9
2014-04-18,11.4,29.8,,37.0,17.0,1021.1,1017.7,19.8,28.7
2014-04-19,10.4,28.8,,37.0,18.0,1020.3,1015.4,20.3,27.8
2014-04-20,10.3,29.6,,40.0,17.0,1018.0,1013.8,20.0,28.9
2014-04-21,11.3,30.5,,40.0,15.0,1016.5,1012.8,20.2,29.8
2014-04-22,10.1,31.6,,35.0,19.0,1017.2,1013.3,21.1,31.3
2014-04-23,,31.2,,55.0,21.0,1016.9,1013.0,20.8,30.3
2014-04-24,,30.2,,47.0,20.0,1015.6,1012.0,21.0,29.4
2014-04-25,,32.5,,44.0,17.0,1015.2,1010.8,20.8,31.5
2014-04-26,,33.4,,34.0,17.0,1015.8,1011.9,24.3,32.2
2014-04-27,,34.2,,35.0,18.0,1016.1,1011.3,23.6,33.6
2014-04-28,,35.2,,,33.0,1014.7,1010.4,,33.6
2014-04-29,,,,,62.0,1016.3,1017.3,,18.3
2014-04-30,,,,,40.0,,1017.5,,21.5
2014-05-01,,23.5,,57.0,34.0,1020.9,1017.3,15.4,22.5
2014-05-02,,21.9,,58.0,34.0,1020.9,1017.3,15.3,20.8
2014-05-03,,21.4,,,35.0,,1015.9,,20.6
2014-05-04,,23.0,,,35.0,1020.0,1016.5,,22.0
2014-05-05,,26.2,,,29.0,1020.9,1016.9,,25.0
2014-05-06,,27.3,,52.0,28.0,1020.7,1017.1,18.1,25.9
2014-05-07,,27.8,,50.0,29.0,1020.1,1016.5,19.1,26.5
2014-05-08,,28.5,,,28.0,1018.3,1014.1,,27.6
2014-05-09,,28.3,,,26.0,1015.8,1012.5,,27.7
2014-05-10,,28.0,,67.0,35.0,1018.8,1015.4,18.3,27.0
2014-05-11,,27.7,,58.0,31.0,1020.9,1017.4,18.1,26.5
2014-05-12,,28.7,,59.0,32.0,1021.5,1017.7,19.9,27.9
2014-05-13,,28.8,,65.0,29.0,1021.9,1018.3,17.6,28.0
2014-05-14,,28.8,,56.0,22.0,1020.7,1016.9,16.4,28.5
2014-05-15,,29.0,,42.0,19.0,1020.6,1016.9,19.4,28.4
2014-05-16,,27.4,,38.0,20.0,1020.9,1017.3,18.6,26.5
2014-05-17,,27.2,,43.0,29.0,1020.6,1017.4,17.4,25.8
2014-05-18,,29.1,,48.0,27.0,1019.8,1016.9,20.5,28.3
2014-05-19,,28.4,,52.0,29.0,1020.2,1017.1,18.9,27.7
2014-05-20,14.9,27.6,,57.0,35.0,1020.3,1017.2,18.7,27.0
2014-05-21,13.7,24.9,,55.0,43.0,1018.0,1015.5,18.3,24.2
2014-05-22,15.6,24.9,,95.0,50.0,1018.0,1014.3,16.7,23.0
2014-05-23,9.5,26.6,,83.0,32.0,1018.8,1014.9,14.9,26.0
2014-05-24,8.5,29.1,,,27.0,,1015.4,,28.6
2014-05-25,9.9,31.0,,58.0,25.0,1018.5,1013.4,18.3,30.4
2014-05-26,15.8,23.3,,98.0,55.0,1016.4,1013.8,16.3,22.5
2014-05-27,8.1,22.9,,76.0,36.0,1018.5,1015.8,14.7,21.9
2014-05-28,7.4,22.6,,75.0,36.0,1020.6,1017.1,13.3,21.6
2014-05-29,8.4,25.7,,68.0,30.0,1019.6,1015.6,14.8,25.3
2014-05-30,8.4,22.8,,67.0,34.0,1018.0,1015.2,13.6,22.3
2014-05-31,4.3,21.0,,76.0,32.0,1021.5,1017.9,10.2,20.3
2014-06-01,3.4,21.2,,74.0,34.0,1022.4,1019.6,10.7,20.6
2014-06-02,6.3,22.1,,72.0,33.0,1022.3,1018.9,11.2,21.5
2014-06-03,6.6,21.6,,71.0,33.0,1022.2,1018.7,10.8,20.4
2014-06-04,6.3,21.0,,70.0,31.0,1025.0,1021.5,10.7,19.8
2014-06-05,8.0,20.5,,65.0,42.0,1026.3,1023.5,12.7,19.1
2014-06-06,6.2,20.5,,67.0,33.0,1028.1,1024.9,11.1,19.7
2014-06-07,7.3,19.9,,71.0,33.0,1028.8,1025.9,10.9,19.2
2014-06-08,4.4,19.6,,64.0,30.0,1028.4,1025.2,10.0,19.1
2014-06-09,5.4,19.6,,67.0,40.0,1026.1,1021.8,9.9,18.3
2014-06-10,5.3,18.8,,61.0,29.0,1022.9,1017.7,9.2,17.6
2014-06-11,1.5,20.9,,54.0,21.0,1018.2,1014.2,7.8,19.7
2014-06-12,6.8,18.9,,63.0,46.0,1017.7,1015.8,11.3,17.8
2014-06-13,3.6,17.9,,64.0,36.0,1022.7,1020.4,9.5,17.0
2014-06-14,2.5,16.7,,61.0,40.0,1026.5,1023.6,10.8,15.9
2014-06-15,4.6,17.3,,51.0,34.0,1027.6,1024.6,11.0,16.5
2014-06-16,4.0,17.8,,67.0,35.0,1028.8,1025.3,8.6,17.0
2014-06-17,3.1,19.6,,70.0,29.0,1028.5,1023.9,8.3,18.8
2014-06-18,2.0,19.3,,70.0,29.0,1025.7,1020.9,7.8,18.6
2014-06-19,6.8,23.8,,57.0,23.0,1021.0,1017.7,9.7,22.9
2014-06-20,3.4,23.1,,53.0,19.0,1023.3,1020.1,9.9,21.8
2014-06-21,2.8,25.5,,53.0,21.0,1023.9,1019.8,11.5,25.0
2014-06-22,3.5,28.1,,54.0,23.0,1021.4,1016.5,11.0,27.5
2014-06-23,10.8,16.0,,35.0,29.0,1023.3,1022.5,13.9,15.5
2014-06-24,7.3,18.0,,56.0,31.0,1027.0,1023.5,10.4,17.0
2014-06-25,0.2,19.4,,70.0,30.0,1028.0,1024.7,8.6,18.9
2014-06-26,0.0,21.9,,71.0,17.0,1026.3,1021.6,8.6,21.3
2014-06-27,0.1,23.8,,55.0,21.0,1019.7,1014.9,7.5,23.2
2014-06-28,-1.4,16.9,,59.0,31.0,1023.6,1020.8,7.7,16.1
2014-06-29,-0.8,17.1,,75.0,36.0,1026.2,1023.7,5.7,16.0
2014-06-30,-1.2,18.4,,68.0,30.0,1028.9,1026.0,8.0,17.2
2014-07-01,2.1,18.2,,69.0,30.0,1030.4,1026.9,7.6,17.4
2014-07-02,2.4,18.9,,61.0,23.0,1027.8,1022.3,7.4,18.3
2014-07-03,-0.7,20.8,,58.0,21.0,1023.1,1018.5,6.3,20.2
2014-07-04,-0.4,21.7,,47.0,18.0,1023.8,1020.7,7.3,21.4
2014-07-05,1.5,20.5,,61.0,29.0,1026.4,1023.7,10.6,19.9
2014-07-06,-0.2,21.6,,59.0,22.0,1025.2,1020.5,7.9,19.8
2014-07-07,-1.2,23.0,,50.0,15.0,1020.2,1014.4,6.0,22.4
2014-07-08,0.6,23.6,,34.0,25.0,1013.7,1010.1,11.2,22.9
2014-07-09,3.9,16.5,,46.0,30.0,1019.1,1017.7,9.7,15.6
2014-07-10,-1.9,17.2,,60.0,30.0,1023.6,1020.0,6.2,16.4
2014-07-11,-0.6,20.8,,53.0,23.0,1021.8,1018.8,7.2,20.1
2014-07-12,0.1,21.5,,50.0,18.0,1024.1,1021.0,8.0,20.9
2014-07-13,8.0,11.7,,48.0,87.0,1025.1,1022.6,10.5,8.5
2014-07-14,7.0,16.1,,94.0,64.0,1022.0,1017.8,7.9,14.3
2014-07-15,2.9,20.3,,94.0,31.0,1019.4,1017.7,9.4,19.5
2014-07-16,-0.5,20.3,,60.0,24.0,1024.1,1021.5,7.0,18.8
2014-07-17,2.7,20.3,,53.0,26.0,1026.7,1024.3,9.3,19.6
2014-07-18,7.6,16.3,,69.0,45.0,1027.1,1023.7,10.0,15.6
2014-07-19,8.9,16.6,,61.0,36.0,1024.9,1021.4,10.4,16.4
2014-07-20,6.4,23.0,,44.0,22.0,1021.9,1017.9,10.3,22.2
2014-07-21,4.4,25.2,,51.0,25.0,1021.0,1018.1,10.3,23.8
2014-07-22,7.5,28.0,,51.0,24.0,1019.9,1014.6,14.2,25.8
2014-07-23,10.5,22.3,,87.0,35.0,1017.7,1014.4,14.8,21.0
2014-07-24,-0.7,19.8,,73.0,28.0,1019.8,1016.4,7.3,19.0
2014-07-25,-0.6,20.1,,66.0,26.0,1024.6,1021.8,7.7,19.2
2014-07-26,5.5,24.6,,52.0,24.0,1027.2,1023.3,10.7,23.4
2014-07-27,4.7,26.4,,58.0,20.0,1025.8,1021.5,11.4,25.3
2014-07-28,4.3,27.1,,44.0,18.0,1023.4,1019.5,14.0,26.9
2014-07-29,6.4,26.3,,36.0,15.0,1024.4,1021.1,14.2,24.8
2014-07-30,5.5,26.2,,40.0,16.0,1024.3,1019.6,13.9,26.1
2014-07-31,5.5,26.9,,34.0,17.0,1020.6,1017.1,16.4,26.1
2014-08-01,5.0,19.3,,67.0,36.0,1026.0,1022.3,11.1,17.9
2014-08-02,3.9,19.0,,51.0,27.0,1026.7,1022.8,9.8,17.7
2014-08-03,2.9,18.8,,39.0,20.0,1028.2,1025.2,9.0,18.0
2014-08-04,1.8,18.9,,35.0,19.0,1031.0,1027.5,8.7,18.0
2014-08-05,2.4,19.9,,33.0,19.0,1032.4,1028.2,8.3,18.6
2014-08-06,5.0,22.7,,35.0,25.0,1030.2,1025.8,11.1,22.3
2014-08-07,7.5,24.8,,52.0,26.0,1028.5,1023.7,10.5,24.1
2014-08-08,10.5,24.7,,36.0,17.0,1027.0,1023.4,15.5,24.1
2014-08-09,4.4,25.0,,33.0,18.0,1027.7,1024.1,13.5,24.1
2014-08-10,5.3,24.9,,29.0,16.0,1027.9,1024.3,14.3,23.9
2014-08-11,9.7,22.9,,54.0,23.0,1028.2,1024.6,14.0,22.3
2014-08-12,6.1,18.7,,39.0,25.0,1029.7,1026.7,11.3,17.9
2014-08-13,1.9,16.4,,37.0,22.0,1032.0,1027.7,8.7,15.1
2014-08-14,-1.0,15.6,,43.0,25.0,1029.6,1025.7,8.4,14.8
2014-08-15,-1.3,17.7,,43.0,22.0,1026.6,1022.3,7.0,17.3
2014-08-16,0.8,19.3,,57.0,31.0,1023.5,1019.9,9.4,18.7
2014-08-17,0.9,19.6,,60.0,23.0,1024.2,1020.9,9.6,18.5
2014-08-18,0.6,19.9,,46.0,20.0,1025.5,1021.2,9.7,18.5
2014-08-19,0.3,21.8,,39.0,18.0,1024.0,1019.4,10.1,20.4
2014-08-20,1.2,23.1,,43.0,16.0,1022.1,1018.1,11.1,22.2
2014-08-21,2.5,25.2,,36.0,15.0,1021.8,1018.0,12.4,24.0
2014-08-22,3.7,26.9,,32.0,12.0,1023.2,1019.4,13.6,25.8
2014-08-23,4.7,28.2,,23.0,11.0,1024.5,1021.5,16.7,27.6
2014-08-24,8.5,27.2,,29.0,13.0,1027.1,1023.5,16.7,26.4
2014-08-25,7.5,26.4,,31.0,15.0,1028.3,1023.4,16.5,25.5
2014-08-26,4.6,26.3,,31.0,10.0,1026.2,1021.3,15.4,24.9
2014-08-27,3.6,26.8,,24.0,9.0,1023.9,1020.5,15.1,25.7
2014-08-28,5.4,25.1,,29.0,11.0,1025.2,1021.4,15.4,24.5
2014-08-29,4.5,26.1,,33.0,14.0,1024.8,1019.9,16.2,25.0
2014-08-30,4.4,28.0,,31.0,12.0,1022.7,1017.4,16.0,26.8
2014-08-31,4.5,30.3,,25.0,8.0,1019.3,1014.9,16.7,29.6
2014-09-01,6.3,30.5,,16.0,13.0,1018.2,1015.5,20.9,29.9
2014-09-02,9.4,23.6,,45.0,29.0,1025.1,1020.8,15.2,22.7
2014-09-03,6.4,29.3,,29.0,18.0,1022.5,1015.9,15.1,27.6
2014-09-04,11.7,29.8,,27.0,14.0,1016.5,1012.7,22.0,29.7
2014-09-05,14.5,20.2,,39.0,30.0,1019.6,1014.9,16.6,19.7
2014-09-06,11.9,30.3,,39.0,17.0,1018.5,1014.0,17.7,29.2
2014-09-07,11.8,34.2,,32.0,10.0,1018.1,1013.1,19.8,34.1
2014-09-08,9.2,35.5,,21.0,10.0,1014.2,1009.5,23.5,34.4
2014-09-09,11.8,31.5,,27.0,13.0,1015.2,1013.1,24.2,30.7
2014-09-10,6.6,29.5,,30.0,14.0,1020.3,1015.5,18.9,27.3
2014-09-11,9.7,31.1,,28.0,10.0,1019.7,1016.3,18.4,30.2
2014-09-12,12.3,30.1,,23.0,10.0,1023.3,1018.5,20.9,29.7
2014-09-13,9.8,30.5,,26.0,11.0,1022.3,1017.5,20.2,29.8
2014-09-14,7.9,33.7,,18.0,8.0,1018.2,1014.2,21.0,32.1
2014-09-15,12.8,32.1,,28.0,10.0,1018.2,1014.1,22.5,30.6
2014-09-16,14.6,31.7,,30.0,14.0,1018.5,1013.2,21.2,30.1
2014-09-17,17.5,28.9,,32.0,18.0,1020.0,1015.8,20.0,28.5
2014-09-18,16.2,34.7,,28.0,10.0,1019.3,1013.5,21.5,33.0
2014-09-19,15.7,34.6,,23.0,10.0,1017.9,1012.3,21.7,32.7
2014-09-20,15.5,31.2,,20.0,10.0,1019.0,1015.6,22.5,30.1
2014-09-21,12.6,28.0,,35.0,13.0,1023.9,1018.9,18.4,26.8
2014-09-22,9.3,30.0,,17.0,5.0,1019.6,1012.6,18.9,29.1
2014-09-23,12.3,25.0,,35.0,23.0,1014.4,1012.4,18.7,24.0
2014-09-24,9.9,24.6,,68.0,32.0,1021.1,1018.1,14.2,22.3
2014-09-25,8.1,28.2,,54.0,21.0,1023.9,1019.4,16.1,27.1
2014-09-26,10.3,31.7,,31.0,8.0,1021.7,1017.0,21.6,30.6
2014-09-27,9.7,34.1,,22.0,9.0,1020.3,1014.4,24.0,32.9
2014-09-28,10.7,36.6,,15.0,8.0,1014.7,1011.3,25.6,35.2
2014-09-29,13.9,36.3,,25.0,10.0,1014.9,1010.3,25.2,34.9
2014-09-30,20.3,37.1,,14.0,9.0,1015.8,1012.7,27.7,35.3
2014-10-01,20.0,32.6,,28.0,15.0,1022.1,1016.7,23.6,31.9
2014-10-02,18.0,33.8,,23.0,10.0,1020.3,1014.6,22.1,32.7
2014-10-03,15.5,36.5,,16.0,10.0,1015.6,1010.1,23.8,35.6
2014-10-04,23.1,37.4,,18.0,12.0,1014.4,1009.7,29.6,37.0
2014-10-05,19.5,39.2,,11.0,8.0,1012.7,1007.7,30.2,37.6
2014-10-06,19.9,38.3,,12.0,8.0,1009.7,1008.4,32.2,36.3
2014-10-07,15.5,30.3,,28.0,16.0,1018.1,1014.4,21.4,28.8
2014-10-08,15.1,33.2,,21.0,11.0,1019.1,1014.0,21.7,31.7
2014-10-09,13.8,37.2,,13.0,7.0,1016.7,1011.0,25.0,35.4
2014-10-10,16.4,34.1,,27.0,8.0,1014.7,1010.2,23.5,32.8
2014-10-11,12.1,31.7,,30.0,13.0,1016.2,1010.4,21.6,30.4
2014-10-12,11.9,33.9,,12.0,6.0,1013.4,1009.4,25.7,31.6
2014-10-13,12.9,30.7,,30.0,16.0,1017.3,1015.8,21.8,30.2
2014-10-14,15.6,27.9,,22.0,8.0,1023.5,1018.7,18.2,26.1
2014-10-15,10.0,29.4,,17.0,8.0,1022.0,1017.3,19.7,27.8
2014-10-16,8.4,32.6,,10.0,6.0,1020.7,1015.3,21.6,30.4
2014-10-17,9.7,33.0,,9.0,5.0,1020.2,1015.1,23.2,31.1
2014-10-18,10.8,35.2,,8.0,4.0,1018.9,1013.9,25.2,34.6
2014-10-19,9.0,37.4,,6.0,3.0,1017.1,1012.9,27.3,35.7
2014-10-20,11.5,39.2,,5.0,3.0,1016.6,1012.2,29.1,37.8
2014-10-21,15.2,39.4,,9.0,7.0,1016.3,1013.3,32.8,38.4
2014-10-22,22.1,39.7,,16.0,7.0,1016.7,1012.1,30.4,39.0
2014-10-23,18.9,39.5,,11.0,7.0,1014.6,1011.2,33.0,38.5
2014-10-24,21.8,40.8,,15.0,8.0,1014.7,1010.9,32.6,38.6
2014-10-25,21.3,40.1,,13.0,9.0,1016.3,1011.6,33.4,38.6
2014-10-26,24.3,40.7,,11.0,8.0,1014.8,1009.8,33.1,39.2
2014-10-27,21.8,31.0,,35.0,20.0,1016.9,1014.4,23.1,30.4
2014-10-28,19.7,35.1,,20.0,13.0,1017.0,1013.4,26.5,33.4
2014-10-29,20.0,38.1,,14.0,9.0,1015.7,1010.9,29.3,36.7
2014-10-30,26.4,33.9,,20.0,22.0,1014.1,1009.7,29.4,32.2
2014-10-31,20.8,36.9,,43.0,19.0,1009.7,1006.9,25.5,35.2
2014-11-01,17.2,31.6,,57.0,31.0,1015.8,1011.3,20.4,30.3
2014-11-02,18.2,33.2,,27.0,19.0,1017.5,1013.2,24.7,31.4
2014-11-03,18.1,38.9,,19.0,13.0,1015.7,1010.2,27.4,38.4
2014-11-04,18.3,37.3,,55.0,15.0,1016.7,1012.2,24.8,36.3
2014-11-05,20.7,36.9,,22.0,10.0,1018.3,1012.9,28.7,36.4
2014-11-06,19.3,39.2,,17.0,9.0,1015.0,1008.6,28.7,38.5
2014-11-07,18.2,41.5,,12.0,9.0,1011.1,1007.5,32.7,39.8
2014-11-08,25.6,38.2,,30.0,17.0,1015.2,1012.0,30.2,36.2
2014-11-09,24.6,34.9,,30.0,20.0,1017.6,1015.0,26.5,33.0
2014-11-10,20.7,37.9,,11.0,9.0,1017.2,1012.7,29.0,37.2
2014-11-11,23.0,39.8,,9.0,7.0,1014.3,1009.4,29.6,39.3
2014-11-12,19.6,41.5,,6.0,5.0,1012.0,1006.4,31.3,40.7
2014-11-13,23.4,43.0,,6.0,9.0,1007.2,1002.4,35.6,41.5
2014-11-14,20.9,23.5,,84.0,81.0,1012.7,1013.0,22.2,22.5
2014-11-15,18.8,27.7,,60.0,43.0,1015.8,1013.8,19.3,25.6
2014-11-16,16.2,26.6,,45.0,34.0,1017.1,1014.3,20.5,25.9
2014-11-17,16.5,33.5,,30.0,15.0,1016.4,1012.0,24.9,32.2
2014-11-18,17.6,36.2,,44.0,25.0,1016.5,1012.0,24.9,33.2
2014-11-19,20.0,40.0,,24.0,15.0,1014.7,1008.5,30.0,37.4
2014-11-20,24.2,39.0,,46.0,22.0,1012.1,1007.0,28.5,36.6
2014-11-21,21.4,42.4,,40.0,12.0,1009.6,1004.5,31.3,40.5
2014-11-22,21.2,42.1,,28.0,14.0,1009.1,1004.7,33.3,39.5
2014-11-23,20.4,40.1,,39.0,14.0,1009.4,1006.1,30.9,39.1
2014-11-24,23.0,38.7,,25.0,16.0,1011.4,1008.8,32.0,38.0
2014-11-25,23.9,35.3,,24.0,20.0,1015.8,1012.1,27.2,32.9
2014-11-26,19.5,36.2,,21.0,11.0,1015.2,1010.8,27.6,34.9
2014-11-27,18.3,37.4,,9.0,10.0,1014.6,1010.4,29.7,35.7
2014-11-28,20.5,37.7,,13.0,11.0,1013.4,1008.1,29.1,36.7
2014-11-29,23.9,41.0,,8.0,12.0,1007.7,1002.9,34.0,39.3
2014-11-30,21.4,41.2,,22.0,12.0,1005.9,1001.2,34.2,39.8
2014-12-01,22.6,40.1,,29.0,13.0,1007.3,1001.6,31.9,38.7
2014-12-02,24.4,41.8,,33.0,17.0,1004.3,1000.2,30.9,40.2
2014-12-03,23.2,43.3,,46.0,13.0,1007.3,1002.6,30.6,40.7
2014-12-04,25.9,42.1,,42.0,17.0,1010.3,1005.6,31.3,40.2
2014-12-05,26.2,43.3,,32.0,19.0,1007.9,1002.1,34.7,39.9
2014-12-06,24.8,42.6,,18.0,17.0,1006.0,999.2,32.8,42.3
2014-12-07,22.0,41.8,,56.0,14.0,1002.5,998.3,28.1,40.2
2014-12-08,25.0,42.3,,39.0,12.0,1005.2,1002.3,29.7,40.2
2014-12-09,26.0,43.8,,31.0,14.0,1007.4,1004.1,33.1,42.2
2014-12-10,25.0,39.7,,45.0,25.0,1008.8,1005.2,30.1,37.9
2014-12-11,20.2,37.7,,50.0,25.0,1010.4,1007.0,25.7,35.2
2014-12-12,18.6,38.7,,28.0,8.0,1011.7,1007.0,29.2,36.8
2014-12-13,18.4,41.4,,18.0,7.0,1010.0,1005.1,31.2,39.7
2014-12-14,21.4,44.0,,13.0,7.0,1007.8,1003.0,33.8,42.6
2014-12-15,27.3,42.9,,23.0,14.0,1006.1,1001.9,34.6,39.7
2014-12-16,24.4,41.3,,52.0,19.0,1007.0,1003.0,28.1,39.2
2014-12-17,23.2,38.7,,60.0,23.0,1008.1,1003.2,28.4,37.1
2014-12-18,20.1,35.2,,76.0,41.0,1010.3,1008.6,24.1,33.7
2014-12-19,22.7,37.7,,36.0,23.0,1013.7,1010.5,29.2,36.4
2014-12-20,26.3,39.3,,27.0,18.0,1011.5,1006.1,32.2,39.0
2014-12-21,22.1,37.1,,75.0,35.0,1009.2,1005.6,25.5,33.9
2014-12-22,21.2,37.9,,58.0,27.0,1007.5,1003.9,27.1,36.7
2014-12-23,23.8,33.9,,53.0,37.0,1011.6,1008.5,26.3,32.6
2014-12-24,21.8,32.3,,33.0,30.0,1012.1,1009.1,26.6,30.9
2014-12-25,18.6,34.9,,40.0,17.0,1011.8,1007.8,26.5,33.5
2014-12-26,18.0,32.1,,27.0,20.0,1013.0,1009.3,24.2,30.2
2014-12-27,16.9,33.2,,22.0,13.0,1014.1,1009.8,23.7,31.8
2014-12-28,15.1,36.8,,16.0,8.0,1012.6,1007.6,28.9,34.8
2014-12-29,17.3,37.8,,15.0,8.0,1011.9,1008.0,29.7,35.7
2014-12-30,20.1,38.5,,22.0,9.0,1014.0,1009.2,29.8,37.2
2014-12-31,22.5,39.6,,16.0,9.0,1012.1,1006.2,30.1,37.4
2015-01-01,22.6,42.0,,21.0,12.0,1007.8,1002.3,33.1,39.3
2015-01-02,21.6,42.4,,23.0,10.0,1006.6,1002.7,33.6,40.3
2015-01-03,23.5,39.8,,23.0,16.0,1008.1,1003.9,32.9,38.6
2015-01-04,27.3,36.1,,26.0,20.0,1008.4,1005.6,30.9,35.0
2015-01-05,26.1,38.8,,36.0,28.0,1007.2,1003.9,32.2,37.0
2015-01-06,26.5,34.5,,51.0,33.0,1006.9,1003.0,29.5,33.9
2015-01-07,24.1,28.5,,79.0,74.0,1004.8,1002.2,24.9,26.8
2015-01-08,22.4,25.7,,86.0,90.0,1003.1,1000.1,24.4,24.9
2015-01-09,22.5,27.1,,85.0,97.0,999.2,997.4,24.6,22.8
2015-01-10,16.0,20.8,,89.0,76.0,1001.8,1002.0,16.4,20.1
2015-01-11,15.9,27.3,,80.0,52.0,1006.9,1004.1,19.1,26.3
2015-01-12,18.0,34.6,,64.0,32.0,1006.7,1003.1,24.6,33.2
2015-01-13,22.2,36.7,,43.0,26.0,1008.6,1005.1,27.9,35.1
2015-01-14,19.8,36.4,,29.0,16.0,1010.3,1006.6,27.9,34.8
2015-01-15,19.7,36.5,,29.0,14.0,1010.6,1006.3,28.4,35.2
2015-01-16,19.9,39.3,,24.0,9.0,1010.4,1007.0,29.7,37.4
2015-01-17,20.0,40.3,,17.0,10.0,1010.9,1007.6,32.6,38.3
2015-01-18,21.0,40.4,,23.0,10.0,1011.7,1008.1,32.0,39.2
2015-01-19,21.2,41.8,,45.0,14.0,1009.8,1005.4,31.6,41.4
2015-01-20,28.6,43.7,,27.0,8.0,1007.2,1005.3,36.4,42.2
2015-01-21,24.1,40.5,,33.0,16.0,1009.8,1006.1,29.7,39.2
2015-01-22,21.1,39.6,,22.0,12.0,1008.5,1003.8,27.6,37.1
2015-01-23,21.0,41.5,,23.0,11.0,1007.1,1002.9,32.6,39.7
2015-01-24,23.4,41.9,,22.0,13.0,1005.8,1002.7,33.7,39.5
2015-01-25,25.2,39.1,,15.0,15.0,1009.1,1006.0,30.4,37.6
2015-01-26,25.2,37.2,,24.0,19.0,1010.7,1006.2,28.4,34.6
2015-01-27,23.8,33.0,,19.0,21.0,1010.2,1007.1,28.4,31.4
2015-01-28,19.2,35.4,,22.0,11.0,1009.7,1005.9,27.2,34.0
2015-01-29,15.5,35.5,,21.0,9.0,1010.0,1006.6,26.8,34.1
2015-01-30,14.4,37.9,,17.0,8.0,1009.7,1005.6,28.7,36.5
2015-01-31,20.2,40.5,,17.0,9.0,1008.3,1005.1,29.9,38.7
2015-02-01,22.9,40.9,,16.0,9.0,1009.7,1006.6,32.1,39.1
2015-02-02,23.7,36.8,,17.0,12.0,1015.0,1011.8,27.4,34.4
2015-02-03,17.9,35.1,,17.0,7.0,1016.2,1012.3,26.4,33.2
2015-02-04,18.2,36.3,,21.0,11.0,1014.8,1010.7,28.3,35.1
2015-02-05,18.3,37.1,,19.0,9.0,1012.8,1009.4,28.9,35.9
2015-02-06,18.4,39.3,,19.0,9.0,1013.7,1009.8,30.7,38.1
2015-02-07,19.7,41.3,,23.0,10.0,1014.6,1011.3,32.0,39.5
2015-02-08,21.8,42.4,,22.0,11.0,1015.9,1012.4,33.8,40.4
2015-02-09,24.0,42.2,,18.0,10.0,1017.4,1012.7,33.8,40.5
2015-02-10,22.1,42.7,,16.0,9.0,1015.7,1011.5,33.7,41.7
2015-02-11,22.8,42.6,,15.0,9.0,1013.8,1008.8,34.0,40.8
2015-02-12,23.3,41.1,,10.0,6.0,1013.8,1008.6,32.5,39.4
2015-02-13,24.5,41.6,,18.0,9.0,1012.2,1008.2,33.7,39.5
2015-02-14,26.6,41.8,,17.0,10.0,1012.7,1008.3,34.5,40.3
2015-02-15,23.5,42.4,,19.0,10.0,1011.2,1008.0,34.5,40.3
2015-02-16,24.5,42.1,,20.0,11.0,1012.5,1008.2,34.4,40.7
2015-02-17,25.9,39.2,,28.0,17.0,1012.8,1009.3,30.6,37.5
2015-02-18,25.1,39.6,,34.0,15.0,1012.6,1007.0,30.6,38.0
2015-02-19,25.6,39.4,,14.0,10.0,1010.2,1006.1,31.1,38.4
2015-02-20,23.6,40.7,,21.0,10.0,1007.9,1004.0,31.3,38.2
2015-02-21,24.0,39.6,,26.0,13.0,1006.9,1003.1,31.1,38.5
2015-02-22,24.4,33.6,,26.0,40.0,1007.3,1006.3,29.4,30.9
2015-02-23,20.5,35.9,,71.0,29.0,1012.9,1009.1,23.4,33.9
2015-02-24,20.9,37.0,,38.0,20.0,1014.7,1009.9,26.6,35.5
2015-02-25,21.2,39.1,,23.0,20.0,1012.4,1007.2,29.1,36.8
2015-02-26,24.2,41.9,,19.0,16.0,1008.8,1003.6,32.6,40.2
2015-02-27,24.9,42.2,,20.0,19.0,1005.9,1001.5,33.4,40.2
2015-02-28,26.6,40.6,,28.0,26.0,1004.9,1003.0,33.7,39.5
2015-03-01,25.6,37.0,,49.0,25.0,1009.1,1006.6,27.5,35.2
2015-03-02,27.5,40.3,,28.0,16.0,1008.5,1004.5,29.7,38.6
2015-03-03,26.9,42.5,,21.0,12.0,1009.7,1006.6,32.7,41.8
2015-03-04,25.6,41.2,,18.0,12.0,1013.5,1009.1,31.0,39.8
2015-03-05,25.0,37.2,,34.0,17.0,1017.0,1012.3,27.0,34.9
2015-03-06,23.0,33.3,,31.0,19.0,1015.4,1010.9,24.7,31.3
2015-03-07,22.4,32.4,,18.0,11.0,1013.3,1010.0,25.0,30.5
2015-03-08,18.5,35.1,,31.0,13.0,1013.9,1009.6,24.0,33.1
2015-03-09,21.6,35.6,,27.0,16.0,1013.0,1009.1,26.6,33.8
2015-03-10,23.2,35.4,,25.0,16.0,1013.8,1009.6,26.5,34.0
2015-03-11,20.5,37.3,,23.0,14.0,1014.2,1010.6,28.3,36.1
2015-03-12,20.9,35.7,,20.0,9.0,1016.8,1012.1,26.3,34.1
2015-03-13,18.7,35.1,,24.0,11.0,1016.3,1011.4,25.9,33.5
2015-03-14,19.5,36.6,,22.0,11.0,1015.5,1010.9,27.3,34.8
2015-03-15,15.6,38.9,,14.0,7.0,1013.9,1008.9,27.1,36.6
2015-03-16,15.0,41.7,,10.0,7.0,1010.6,1005.0,28.2,40.9
2015-03-17,23.1,42.6,,27.0,15.0,1006.2,1002.8,33.7,40.4
2015-03-18,23.4,42.3,,24.0,15.0,1007.8,1004.3,32.8,39.9
2015-03-19,24.0,42.8,,16.0,10.0,1009.7,1007.1,34.7,40.9
2015-03-20,24.7,39.5,,28.0,19.0,1016.3,1013.0,31.6,36.9
2015-03-21,21.0,37.3,,35.0,20.0,1018.1,1013.8,27.3,35.9
2015-03-22,18.9,38.9,,23.0,16.0,1015.4,1010.2,27.9,37.5
2015-03-23,22.1,30.7,,66.0,35.0,1016.0,1013.6,22.5,29.8
2015-03-24,19.1,29.1,,36.0,28.0,1018.9,1014.9,20.8,27.6
2015-03-25,20.4,25.5,,27.0,24.0,1019.8,1017.3,21.3,25.0
2015-03-26,18.7,29.5,,27.0,20.0,1022.9,1019.7,21.1,28.3
2015-03-27,17.9,31.3,,27.0,16.0,1022.9,1017.4,21.0,29.6
2015-03-28,17.5,30.8,,21.0,13.0,1019.6,1015.1,22.0,30.1
2015-03-29,21.1,27.7,,21.0,36.0,1019.8,1017.7,23.9,26.7
2015-03-30,15.5,33.9,,44.0,17.0,1021.0,1016.6,20.4,32.2
2015-03-31,14.4,34.0,,32.0,15.0,1019.9,1014.2,23.5,32.8
2015-04-01,15.9,35.8,,23.0,12.0,1015.9,1012.8,25.8,34.7
2015-04-02,22.3,28.0,,53.0,40.0,1017.3,1014.8,23.4,27.4
2015-04-03,17.5,34.3,,67.0,25.0,1017.1,1012.5,21.9,33.0
2015-04-04,20.9,33.2,,54.0,26.0,1015.8,1011.5,24.1,32.9
2015-04-05,20.8,31.8,,52.0,28.0,1014.9,1011.2,22.8,30.8
2015-04-06,12.1,26.9,,45.0,24.0,1018.1,1014.3,18.9,25.1
2015-04-07,12.2,24.8,,45.0,21.0,1022.4,1018.7,15.9,23.1
2015-04-08,9.1,26.1,,31.0,14.0,1024.0,1018.4,16.2,24.9
2015-04-09,10.7,26.8,,41.0,19.0,1022.1,1016.9,16.6,25.3
2015-04-10,11.8,28.3,,25.0,11.0,1020.3,1015.9,18.8,26.8
2015-04-11,11.9,30.5,,22.0,10.0,1018.4,1013.4,20.2,30.2
2015-04-12,11.8,33.6,,20.0,8.0,1016.3,1011.5,20.3,32.2
2015-04-13,13.5,36.5,,17.0,8.0,1014.3,1009.2,23.0,35.7
2015-04-14,14.4,37.7,,18.0,9.0,1012.9,1009.8,24.8,36.6
2015-04-15,19.7,37.8,,33.0,13.0,1016.5,1013.4,26.4,36.7
2015-04-16,22.8,27.3,,38.0,43.0,1017.6,1017.3,25.3,25.3
2015-04-17,14.4,25.8,,62.0,42.0,1019.1,1015.1,19.4,25.4
2015-04-18,12.3,27.5,,65.0,28.0,1020.6,1017.1,16.0,26.5
2015-04-19,13.8,23.8,,48.0,27.0,1025.5,1022.8,17.7,23.2
2015-04-20,12.4,21.4,,42.0,21.0,1027.6,1023.7,14.6,20.3
2015-04-21,10.8,22.9,,32.0,13.0,1025.6,1020.1,12.9,21.4
2015-04-22,12.9,22.6,,34.0,20.0,1021.1,1017.1,15.1,21.9
2015-04-23,15.1,23.1,,23.0,28.0,1018.2,1015.3,18.7,20.8
2015-04-24,10.0,26.2,,29.0,20.0,1017.4,1014.7,18.4,25.1
2015-04-25,4.4,22.5,,52.0,25.0,1022.6,1018.3,13.1,20.8
2015-04-26,8.7,23.4,,51.0,25.0,1023.9,1019.6,14.3,22.4
2015-04-27,9.5,23.1,,50.0,28.0,1024.6,1020.8,13.8,22.1
2015-04-28,9.0,22.2,,47.0,28.0,1025.2,1020.5,14.4,20.6
2015-04-29,7.1,21.8,,42.0,23.0,1025.5,1020.5,13.0,20.3
2015-04-30,6.3,21.9,,38.0,19.0,1022.6,1019.5,13.3,21.0
2015-05-01,4.8,25.3,,31.0,9.0,1021.4,1017.8,13.3,24.0
2015-05-02,11.4,27.6,,18.0,8.0,1020.1,1016.6,16.9,26.9
2015-05-03,11.0,29.9,,17.0,7.0,1019.6,1014.6,18.6,29.1
2015-05-04,10.5,33.7,,18.0,7.0,1015.7,1011.6,17.8,32.7
2015-05-05,13.7,23.1,,27.0,15.0,1021.1,1017.4,15.7,22.0
2015-05-06,6.8,23.3,,53.0,24.0,1024.5,1021.0,13.5,22.3
2015-05-07,8.7,23.7,,46.0,23.0,1027.4,1023.6,14.4,23.1
2015-05-08,8.9,23.2,,52.0,27.0,1025.0,1020.7,14.4,21.8
2015-05-09,6.4,24.1,,41.0,23.0,1023.7,1020.0,13.6,22.9
2015-05-10,6.5,24.6,,42.0,21.0,1024.3,1021.2,15.1,23.8
2015-05-11,3.3,25.2,,48.0,24.0,1025.2,1021.1,14.6,24.1
2015-05-12,10.6,25.2,,59.0,31.0,1024.1,1020.9,16.6,23.7
2015-05-13,8.3,20.8,,53.0,29.0,1029.3,1027.1,14.4,19.6
2015-05-14,4.9,18.3,,46.0,20.0,1033.3,1029.8,10.2,17.3
2015-05-15,3.4,18.3,,52.0,24.0,1032.1,1027.2,9.4,17.5
2015-05-16,2.4,19.7,,56.0,24.0,1027.6,1022.5,9.1,18.7
2015-05-17,3.5,23.3,,49.0,23.0,1024.1,1018.6,11.4,22.2
2015-05-18,7.3,28.1,,48.0,15.0,1019.6,1015.4,16.0,27.3
2015-05-19,9.7,27.1,,36.0,20.0,1018.9,1015.9,16.8,25.5
2015-05-20,14.8,24.6,,57.0,32.0,1021.6,1019.1,16.6,23.5
2015-05-21,7.1,19.4,,62.0,26.0,1028.2,1024.4,11.1,18.6
2015-05-22,3.7,17.2,,55.0,32.0,1028.1,1024.8,8.7,15.8
2015-05-23,4.5,20.3,,53.0,24.0,1025.7,1021.3,9.7,20.0
2015-05-24,9.6,21.1,,36.0,23.0,1023.2,1020.9,14.2,20.3
2015-05-25,11.9,19.7,,82.0,46.0,1024.1,1022.1,12.9,19.1
2015-05-26,12.6,27.1,,67.0,31.0,1024.3,1019.5,15.8,26.1
2015-05-27,15.3,27.9,,53.0,29.0,1021.1,1016.5,18.5,27.1
2015-05-28,15.6,24.5,,90.0,49.0,1020.1,1017.1,16.8,23.6
2015-05-29,16.5,23.4,,88.0,59.0,1021.1,1018.2,16.8,21.4
2015-05-30,14.9,16.8,,98.0,100.0,1022.9,1019.1,15.2,15.4
2015-05-31,12.0,17.3,,94.0,67.0,1022.0,1020.1,12.5,16.8
2015-06-01,12.5,18.5,,73.0,55.0,1023.9,1022.3,13.5,17.5
2015-06-02,9.5,23.6,,61.0,36.0,1024.9,1019.0,12.4,22.6
2015-06-03,10.9,26.2,,59.0,35.0,1021.0,1019.2,14.8,25.2
2015-06-04,8.8,24.9,,74.0,32.0,1025.2,1022.8,14.7,24.2
2015-06-05,9.7,24.8,,64.0,28.0,1027.3,1024.2,15.0,23.8
2015-06-06,8.6,23.1,,62.0,21.0,1027.0,1022.4,13.2,21.8
2015-06-07,7.1,22.4,,54.0,22.0,1025.4,1021.8,11.6,21.5
2015-06-08,3.7,22.5,,53.0,21.0,1024.8,1021.3,11.0,22.1
2015-06-09,7.7,22.9,,47.0,22.0,1026.8,1023.5,12.5,22.2
2015-06-10,10.9,18.3,,73.0,44.0,1027.9,1024.9,12.8,17.7
2015-06-11,6.9,20.2,,74.0,38.0,1027.1,1022.9,11.8,19.6
2015-06-12,6.0,22.1,,67.0,35.0,1024.0,1019.5,10.3,21.0
2015-06-13,9.2,24.5,,65.0,36.0,1021.2,1016.9,12.7,23.8
2015-06-14,9.3,24.8,,72.0,35.0,1019.3,1015.9,15.2,24.3
2015-06-15,10.0,25.6,,83.0,31.0,1018.9,1015.9,13.7,24.6
2015-06-16,9.0,23.7,,64.0,37.0,1019.6,1017.0,15.2,22.5
2015-06-17,6.2,20.4,,76.0,39.0,1022.3,1019.3,11.2,19.3
2015-06-18,4.6,19.8,,81.0,37.0,1023.0,1020.8,9.3,19.4
2015-06-19,5.0,20.3,,66.0,36.0,1025.1,1021.3,10.2,19.2
2015-06-20,5.4,21.3,,68.0,32.0,1025.1,1021.1,10.4,20.1
2015-06-21,6.6,25.1,,60.0,24.0,1022.3,1018.0,11.3,23.8
2015-06-22,4.5,27.3,,41.0,16.0,1019.0,1015.3,12.3,26.6
2015-06-23,6.7,22.5,,51.0,28.0,1020.8,1019.6,12.9,22.4
2015-06-24,7.7,18.2,,76.0,36.0,1028.7,1027.0,9.6,17.2
2015-06-25,4.1,17.9,,71.0,40.0,1031.7,1028.2,8.7,16.7
2015-06-26,3.8,18.3,,73.0,37.0,1031.5,1027.6,8.8,17.2
2015-06-27,2.5,17.1,,69.0,40.0,1029.9,1026.0,7.0,15.7
2015-06-28,4.5,19.6,,69.0,39.0,1028.7,1025.0,8.9,18.0
2015-06-29,7.6,22.0,,67.0,37.0,1027.2,1023.8,11.7,21.5
2015-06-30,6.8,21.1,,81.0,35.0,1028.6,1025.2,10.6,20.2
2015-07-01,5.9,21.0,,70.0,32.0,1030.1,1025.9,10.5,20.4
2015-07-02,5.0,20.7,,59.0,30.0,1029.1,1025.2,9.3,19.7
2015-07-03,2.2,20.0,,55.0,24.0,1026.7,1021.9,8.4,19.1
2015-07-04,0.7,20.3,,54.0,23.0,1024.0,1020.0,7.7,19.7
2015-07-05,1.9,22.0,,49.0,24.0,1022.9,1019.6,8.5,21.2
2015-07-06,2.5,23.2,,50.0,23.0,1022.0,1019.0,11.0,22.4
2015-07-07,4.1,21.9,,58.0,26.0,1022.7,1019.3,11.8,21.3
2015-07-08,3.6,22.3,,47.0,20.0,1021.5,1017.2,10.7,21.4
2015-07-09,5.6,24.8,,47.0,20.0,1019.4,1015.7,10.9,23.7
2015-07-10,4.2,18.9,,60.0,35.0,1022.7,1020.7,9.8,17.9
2015-07-11,3.2,18.5,,62.0,29.0,1026.2,1024.4,8.2,17.5
2015-07-12,0.7,16.2,,60.0,35.0,1030.0,1026.6,7.6,15.2
2015-07-13,0.7,18.1,,72.0,36.0,1030.1,1026.1,7.1,17.0
2015-07-14,1.8,15.9,,78.0,38.0,1027.7,1023.9,6.3,15.4
2015-07-15,5.2,16.7,,75.0,39.0,1026.8,1024.0,10.5,16.0
2015-07-16,2.1,16.7,,54.0,33.0,1027.9,1024.5,10.0,15.8
2015-07-17,2.6,16.3,,57.0,31.0,1029.0,1025.8,7.2,15.2
2015-07-18,1.6,16.7,,65.0,29.0,1029.3,1025.8,6.8,15.8
2015-07-19,0.4,16.5,,62.0,29.0,1029.0,1024.5,6.1,15.2
2015-07-20,0.4,19.2,,51.0,13.0,1026.3,1021.2,5.8,18.3
2015-07-21,0.3,22.6,,31.0,12.0,1021.2,1017.3,7.5,22.4
2015-07-22,7.5,22.1,,51.0,27.0,1021.9,1019.4,13.8,21.0
2015-07-23,13.8,26.9,,49.0,24.0,1019.1,1015.1,16.2,25.4
2015-07-24,13.7,17.3,,92.0,67.0,1022.1,1020.5,14.1,16.9
2015-07-25,11.9,15.4,,73.0,83.0,1024.5,1022.6,12.6,15.1
2015-07-26,11.7,16.1,,76.0,60.0,1028.5,1026.7,12.1,15.1
2015-07-27,5.9,18.1,,81.0,43.0,1033.4,1029.7,9.3,17.1
2015-07-28,3.8,17.5,,73.0,31.0,1033.1,1028.5,8.1,16.4
2015-07-29,2.0,21.2,,59.0,15.0,1028.6,1024.3,7.8,20.9
2015-07-30,4.4,26.4,,44.0,13.0,1026.2,1022.2,11.2,25.1
2015-07-31,7.7,29.4,,40.0,16.0,1022.6,1017.6,15.1,28.5
2015-08-01,6.1,28.8,,29.0,7.0,1018.5,1015.1,15.2,28.0
2015-08-02,10.6,22.2,,74.0,39.0,1023.1,1022.1,14.7,21.1
2015-08-03,6.0,18.7,,56.0,27.0,1029.3,1026.3,10.4,17.7
2015-08-04,6.8,18.8,,55.0,29.0,1029.8,1025.7,10.8,18.1
2015-08-05,4.0,18.4,,60.0,31.0,1028.0,1023.8,9.6,17.1
2015-08-06,3.8,19.7,,51.0,26.0,1026.3,1022.3,9.8,18.5
2015-08-07,3.2,21.3,,54.0,22.0,1024.9,1021.1,10.6,19.9
2015-08-08,4.3,24.3,,51.0,14.0,1022.2,1017.0,10.5,23.3
2015-08-09,3.7,27.8,,31.0,12.0,1018.7,1015.1,14.2,27.2
2015-08-10,5.5,25.7,,38.0,21.0,1021.5,1017.2,14.0,23.8
2015-08-11,8.5,24.3,,28.0,8.0,1021.2,1017.8,12.9,22.8
2015-08-12,4.4,18.5,,54.0,27.0,1025.6,1022.9,9.8,17.5
2015-08-13,2.7,21.0,,54.0,26.0,1027.2,1022.9,10.6,19.5
2015-08-14,2.5,23.0,,48.0,20.0,1027.2,1023.8,11.5,21.7
2015-08-15,6.1,23.0,,49.0,23.0,1029.4,1025.7,13.5,22.2
2015-08-16,5.9,23.0,,43.0,21.0,1028.4,1023.5,13.1,22.5
2015-08-17,4.9,24.8,,35.0,16.0,1025.6,1021.6,13.7,24.1
2015-08-18,5.3,25.8,,33.0,15.0,1023.0,1019.2,13.6,24.5
2015-08-19,5.6,29.8,,26.0,10.0,1020.3,1015.9,15.3,28.2
2015-08-20,15.2,29.5,,21.0,12.0,1017.6,1012.3,21.1,27.7
2015-08-21,12.3,28.4,,57.0,26.0,1016.6,1012.6,18.4,26.7
2015-08-22,11.6,31.8,,44.0,19.0,1015.3,1011.2,18.0,30.8
2015-08-23,13.5,25.3,,31.0,16.0,1017.8,1016.4,18.8,24.3
2015-08-24,4.8,22.2,,59.0,24.0,1024.3,1019.8,12.5,21.4
2015-08-25,8.9,19.0,,54.0,44.0,1023.5,1020.2,12.7,17.6
2015-08-26,8.7,21.1,,77.0,47.0,1022.9,1018.8,12.4,19.7
2015-08-27,8.9,22.3,,64.0,35.0,1024.6,1020.1,12.9,21.2
2015-08-28,12.7,20.9,,36.0,32.0,1023.6,1020.5,13.5,19.5
2015-08-29,6.6,25.4,,36.0,27.0,1023.6,1019.0,14.2,24.3
2015-08-30,9.5,28.8,,29.0,17.0,1021.0,1016.7,16.7,28.2
2015-08-31,13.4,28.7,,65.0,29.0,1018.4,1013.1,17.0,27.3
2015-09-01,15.1,29.9,,68.0,18.0,1012.0,1007.2,19.5,28.6
2015-09-02,8.1,21.5,,34.0,22.0,1019.6,1017.6,12.1,20.3
2015-09-03,5.0,22.6,,49.0,19.0,1024.2,1019.9,13.2,21.6
2015-09-04,7.5,24.5,,51.0,19.0,1024.2,1019.5,14.8,23.1
2015-09-05,6.2,29.1,,38.0,14.0,1021.8,1016.2,16.1,27.3
2015-09-06,8.5,31.7,,27.0,12.0,1017.9,1015.1,19.0,30.3
2015-09-07,13.0,24.9,,31.0,22.0,1024.5,1020.8,16.6,24.5
2015-09-08,9.1,24.9,,33.0,20.0,1026.8,1022.7,15.7,23.6
2015-09-09,7.9,25.7,,31.0,16.0,1028.6,1024.1,16.0,24.5
2015-09-10,6.1,26.8,,35.0,14.0,1028.9,1023.1,17.2,24.7
2015-09-11,7.2,29.8,,30.0,9.0,1024.8,1019.0,18.7,29.1
2015-09-12,8.7,31.6,,17.0,8.0,1021.5,1016.9,20.4,30.8
2015-09-13,7.9,33.1,,13.0,6.0,1018.3,1013.4,20.9,31.9
2015-09-14,11.2,29.8,,41.0,14.0,1018.0,1015.1,19.1,28.5
2015-09-15,12.6,30.8,,33.0,14.0,1019.0,1014.6,19.4,29.2
2015-09-16,12.1,27.8,,28.0,17.0,1021.7,1018.2,17.8,26.6
2015-09-17,10.9,26.5,,33.0,19.0,1024.9,1021.0,16.7,24.8
2015-09-18,13.5,26.9,,28.0,16.0,1024.6,1019.8,18.4,26.1
2015-09-19,9.2,29.4,,21.0,10.0,1021.0,1015.8,19.5,27.6
2015-09-20,8.4,31.8,,17.0,9.0,1018.5,1014.6,19.6,30.6
2015-09-21,12.4,26.0,,48.0,23.0,1024.1,1020.0,14.5,24.9
2015-09-22,8.1,24.4,,39.0,17.0,1027.0,1022.9,15.6,23.0
2015-09-23,8.9,25.0,,28.0,15.0,1027.5,1022.4,16.4,24.1
2015-09-24,7.0,23.7,,24.0,10.0,1026.4,1021.1,14.9,22.7
2015-09-25,7.1,24.5,,19.0,9.0,1024.9,1019.2,15.5,23.4
2015-09-26,7.4,26.1,,18.0,9.0,1023.0,1018.3,17.0,24.5
2015-09-27,7.3,27.3,,16.0,8.0,1021.3,1017.1,18.9,26.2
2015-09-28,6.7,29.3,,16.0,8.0,1019.9,1015.8,21.0,27.3
2015-09-29,8.3,31.5,,14.0,7.0,1020.1,1016.8,22.2,30.1
2015-09-30,10.0,34.2,,9.0,6.0,1022.7,1019.8,24.3,32.4
2015-10-01,12.3,34.6,,16.0,7.0,1026.9,1021.7,24.8,33.8
2015-10-02,14.7,35.8,,13.0,6.0,1026.6,1021.7,26.9,34.1
2015-10-03,12.5,34.7,,9.0,4.0,1025.8,1020.3,25.8,33.6
2015-10-04,13.7,35.3,,13.0,8.0,1022.7,1017.7,27.4,34.5
2015-10-05,13.9,34.2,,11.0,6.0,1020.3,1013.7,26.0,33.0
2015-10-06,12.2,36.6,,10.0,5.0,1016.0,1012.7,25.6,35.8
2015-10-07,16.0,33.2,,35.0,17.0,1022.5,1017.6,20.6,31.9
2015-10-08,18.4,35.7,,18.0,9.0,1022.6,1017.5,27.6,33.4
2015-10-09,17.5,36.4,,11.0,7.0,1022.4,1017.7,29.6,35.5
2015-10-10,15.5,36.5,,15.0,9.0,1022.1,1017.5,28.0,35.9
2015-10-11,15.9,37.3,,12.0,8.0,1019.4,1015.1,29.7,35.5
2015-10-12,16.7,36.0,,6.0,7.0,1020.3,1015.5,28.4,35.5
2015-10-13,19.1,36.6,,19.0,9.0,1019.3,1014.5,26.1,35.3
2015-10-14,18.8,38.9,,15.0,8.0,1017.2,1012.2,28.8,38.4
2015-10-15,19.0,40.4,,11.0,7.0,1015.1,1010.5,30.7,38.1
2015-10-16,24.9,39.9,,23.0,8.0,1015.2,1010.9,30.5,36.7
2015-10-17,23.2,39.8,,26.0,10.0,1017.4,1012.4,29.1,39.0
2015-10-18,21.8,39.1,,14.0,9.0,1018.8,1013.8,31.3,38.2
2015-10-19,18.2,38.6,,10.0,9.0,1017.1,1012.5,32.0,36.6
2015-10-20,25.2,38.6,,35.0,15.0,1016.2,1011.1,29.4,36.7
2015-10-21,18.5,34.4,,29.0,16.0,1019.3,1013.8,24.4,32.8
2015-10-22,19.1,36.1,,24.0,10.0,1018.6,1013.8,27.2,35.2
2015-10-23,18.2,38.0,,13.0,8.0,1017.0,1011.7,29.0,36.1
2015-10-24,22.7,36.6,,11.0,15.0,1017.7,1011.8,26.3,34.5
2015-10-25,22.6,39.2,,25.0,7.0,1015.8,1010.7,30.5,38.0
2015-10-26,26.3,38.2,,20.0,11.0,1015.4,1012.3,31.4,36.9
2015-10-27,24.3,38.2,,22.0,10.0,1016.9,1012.5,28.8,37.7
2015-10-28,23.0,39.9,,16.0,12.0,1015.3,1011.1,30.9,37.9
2015-10-29,23.4,32.5,,38.0,25.0,1016.6,1013.9,27.6,31.2
2015-10-30,21.8,37.8,,34.0,16.0,1015.0,1010.2,28.0,36.3
2015-10-31,21.4,39.8,,32.0,9.0,1012.4,1007.7,31.1,39.0
2015-11-01,22.6,40.3,,14.0,9.0,1011.7,1006.7,32.2,38.6
2015-11-02,26.4,43.7,,20.0,7.0,1005.8,1000.3,32.7,41.4
2015-11-03,21.7,37.3,,38.0,15.0,1006.9,1003.0,28.8,36.8
2015-11-04,16.0,33.4,,40.0,13.0,1011.9,1007.2,22.5,32.9
2015-11-05,14.1,35.4,,35.0,12.0,1013.8,1008.8,23.6,33.6
2015-11-06,18.3,39.8,,20.0,7.0,1012.1,1006.7,28.9,38.4
2015-11-07,25.1,41.4,,17.0,10.0,1011.9,1007.2,31.2,39.0
2015-11-08,27.5,32.3,,19.0,40.0,1015.9,1013.7,28.7,28.3
2015-11-09,19.9,34.4,,58.0,17.0,1014.5,1010.8,23.4,32.0
2015-11-10,20.1,34.4,,46.0,27.0,1011.6,1009.5,26.3,30.5
2015-11-11,18.0,39.0,,18.0,10.0,1012.0,1008.4,31.9,37.0
2015-11-12,22.7,41.2,,15.0,8.0,1013.7,1009.8,33.7,40.5
2015-11-13,24.8,37.5,,20.0,9.0,1016.4,1011.7,29.0,37.3
2015-11-14,21.3,34.6,,17.0,10.0,1016.2,1011.9,26.7,33.5
2015-11-15,18.9,35.3,,12.0,7.0,1015.2,1010.8,26.5,34.1
2015-11-16,15.7,37.7,,11.0,5.0,1013.4,1009.4,27.4,35.8
2015-11-17,18.4,40.7,,9.0,6.0,1013.8,1009.5,30.2,39.5
2015-11-18,19.6,42.2,,8.0,5.0,1014.3,1009.5,32.8,40.4
2015-11-19,20.5,42.9,,7.0,4.0,1012.8,1008.4,34.9,41.1
2015-11-20,25.9,39.1,,36.0,17.0,1014.5,1010.4,28.2,37.5
2015-11-21,20.8,37.3,,24.0,11.0,1018.8,1013.4,26.2,35.6
2015-11-22,20.5,38.5,,16.0,9.0,1016.6,1011.8,28.4,37.4
2015-11-23,22.2,37.9,,13.0,9.0,1016.3,1011.6,29.8,36.7
2015-11-24,22.7,39.3,,14.0,8.0,1014.0,1008.0,29.7,36.5
2015-11-25,23.1,41.9,,7.0,8.0,1006.1,1002.7,35.5,40.1
2015-11-26,23.4,33.9,,35.0,23.0,1013.1,1010.2,27.5,31.8
2015-11-27,21.3,37.0,,22.0,14.0,1013.9,1009.7,27.7,36.2
2015-11-28,22.6,39.8,,16.0,12.0,1013.1,1008.6,30.5,37.4
2015-11-29,22.2,40.6,,21.0,20.0,1010.4,1006.6,34.9,34.5
2015-11-30,20.4,41.0,,30.0,16.0,1008.2,1004.4,31.2,35.2
2015-12-01,19.4,37.1,,24.0,14.0,1012.8,1010.0,28.3,35.8
2015-12-02,22.9,32.9,,23.0,17.0,1018.4,1015.0,25.2,31.4
2015-12-03,17.7,37.2,,17.0,7.0,1018.3,1012.1,25.9,35.5
2015-12-04,20.4,39.7,,10.0,8.0,1015.1,1009.8,27.6,37.8
2015-12-05,20.0,44.1,,9.0,10.0,1010.5,1005.3,36.1,41.5
2015-12-06,26.6,34.3,,47.0,35.0,1011.7,1009.6,28.5,32.6
2015-12-07,19.9,34.2,,92.0,49.0,1012.9,1009.0,21.9,31.9
2015-12-08,19.8,37.1,,67.0,26.0,1013.2,1009.9,25.4,35.8
2015-12-09,24.9,40.1,,25.0,12.0,1013.7,1009.4,32.1,39.0
2015-12-10,26.9,39.3,,27.0,19.0,1012.1,1008.4,33.2,37.6
2015-12-11,24.4,39.4,,38.0,21.0,1010.3,1006.4,31.3,37.0
2015-12-12,24.1,36.2,,35.0,20.0,1012.6,1008.1,27.8,35.1
2015-12-13,25.7,40.2,,24.0,13.0,1010.1,1005.7,32.8,39.1
2015-12-14,30.2,39.5,,26.0,20.0,1008.0,1005.3,33.1,38.1
2015-12-15,23.5,32.1,,62.0,39.0,1010.9,1009.1,25.9,30.5
2015-12-16,19.4,37.7,,34.0,21.0,1010.3,1005.7,29.4,35.4
2015-12-17,22.2,39.4,,37.0,20.0,1008.8,1004.9,29.9,36.8
2015-12-18,22.8,39.4,,42.0,22.0,1008.4,1004.1,29.6,36.6
2015-12-19,23.4,39.9,,44.0,18.0,1005.8,1000.8,30.7,38.6
2015-12-20,23.8,30.3,,66.0,63.0,1006.9,1004.9,25.7,28.9
2015-12-21,23.6,34.6,,64.0,43.0,1009.7,1007.5,26.4,32.2
2015-12-22,24.2,35.1,,67.0,43.0,1012.7,1008.2,27.1,32.9
2015-12-23,24.0,38.5,,51.0,25.0,1010.6,1005.0,29.0,36.5
2015-12-24,28.2,39.5,,35.0,21.0,1005.9,1001.0,30.6,38.1
2015-12-25,23.4,41.4,,49.0,20.0,1003.4,999.8,30.5,39.5
2015-12-26,18.0,34.2,,51.0,29.0,1010.6,1007.0,21.1,32.0
2015-12-27,20.5,34.7,,23.0,12.0,1013.2,1010.1,24.3,33.0
2015-12-28,18.0,36.4,,17.0,7.0,1014.7,1010.9,26.7,35.0
2015-12-29,17.5,37.1,,12.0,7.0,1012.6,1007.5,28.1,34.7
2015-12-30,20.0,38.9,,12.0,12.0,1007.2,1002.6,31.3,38.4
2015-12-31,19.3,37.4,,46.0,18.0,1007.3,1003.7,25.8,35.8
2016-01-01,18.7,37.3,,45.0,17.0,1009.9,1006.3,25.8,35.5
2016-01-02,20.0,38.5,,40.0,15.0,1012.1,1007.5,26.5,35.9
2016-01-03,20.6,39.9,,25.0,13.0,1010.8,1007.1,31.2,38.3
2016-01-04,21.0,39.9,,17.0,11.0,1011.4,1007.6,30.8,38.0
2016-01-05,21.3,39.5,,13.0,8.0,1012.2,1008.2,30.0,37.2
2016-01-06,20.7,41.3,,13.0,9.0,1012.4,1008.9,30.9,40.5
2016-01-07,23.9,39.0,,16.0,11.0,1013.4,1009.5,32.6,37.5
2016-01-08,,39.0,,19.0,12.0,1013.0,1009.7,33.1,37.7
2016-01-09,28.8,38.4,,17.0,13.0,1013.7,1011.0,32.8,36.8
2016-01-10,27.8,40.7,,18.0,15.0,1013.3,1009.3,31.0,39.3
2016-01-11,28.4,38.2,,40.0,23.0,1010.5,1008.2,30.6,35.2
2016-01-12,25.7,38.0,,42.0,25.0,1010.4,1007.8,30.9,36.4
2016-01-13,21.7,39.4,,44.0,25.0,1012.2,1008.3,30.5,37.0
2016-01-14,21.6,26.3,,68.0,55.0,1016.4,1015.7,23.0,24.2
2016-01-15,18.8,30.4,,60.0,37.0,1019.4,1015.1,20.6,28.7
2016-01-16,20.0,33.3,,29.0,18.0,1016.5,1012.0,23.4,31.9
2016-01-17,21.4,36.8,,20.0,12.0,1013.7,1008.8,26.7,35.4
2016-01-18,24.7,40.2,,25.0,14.0,1010.0,1006.2,29.7,37.8
2016-01-19,24.6,35.6,,36.0,46.0,1009.8,1009.6,31.5,30.9
2016-01-20,22.6,39.4,,54.0,27.0,1012.0,1006.4,28.8,38.2
2016-01-21,22.4,37.0,,81.0,40.0,1010.9,1006.2,25.1,35.7
2016-01-22,23.1,39.1,,69.0,34.0,1010.7,1007.6,28.5,38.3
2016-01-23,24.1,37.4,,44.0,29.0,1013.8,1010.1,29.1,35.2
2016-01-24,25.1,38.3,,35.0,19.0,1013.3,1009.0,28.4,36.7
2016-01-25,23.5,35.9,,23.0,13.0,1012.0,1009.3,28.6,34.8
2016-01-26,22.7,37.1,,21.0,16.0,1009.6,1007.8,31.5,35.0
2016-01-27,25.6,37.5,,26.0,23.0,1009.6,1007.1,31.9,35.0
2016-01-28,25.6,36.1,,39.0,27.0,1010.9,1007.1,28.9,34.8
2016-01-29,24.5,36.6,,34.0,24.0,1010.7,1006.5,27.9,33.7
2016-01-30,20.0,36.4,,28.0,21.0,1009.1,1003.5,25.9,35.0
2016-01-31,24.9,37.8,,45.0,50.0,1004.4,1000.2,30.0,31.8
2016-02-01,23.4,37.5,,78.0,34.0,1002.3,998.5,27.9,36.6
2016-02-02,,35.2,,,39.0,,1003.8,,33.2
2016-02-03,20.6,32.6,,50.0,32.0,1011.5,1008.7,22.6,30.0
2016-02-04,19.7,32.7,,34.0,22.0,1014.3,1009.4,24.2,30.8
2016-02-05,18.0,33.1,,28.0,16.0,1012.4,1008.3,25.4,31.1
2016-02-06,18.2,36.3,,24.0,17.0,1010.8,1007.4,28.0,34.1
2016-02-07,22.5,37.7,,22.0,11.0,1012.6,1009.6,28.8,37.2
2016-02-08,23.8,38.3,,27.0,16.0,1015.2,1010.8,30.6,36.1
2016-02-09,22.5,39.0,,18.0,12.0,1014.1,1009.4,31.6,37.8
2016-02-10,21.6,39.9,,20.0,10.0,1012.2,1007.9,32.1,38.8
2016-02-11,23.0,40.5,,12.0,8.0,1011.5,1007.7,31.6,38.4
2016-02-12,20.9,41.2,,11.0,9.0,1012.4,1007.9,32.0,39.0
2016-02-13,22.0,42.3,,12.0,8.0,1011.1,1007.0,31.8,41.0
2016-02-14,22.6,41.2,,25.0,7.0,1011.2,1006.9,30.5,39.9
2016-02-15,23.0,37.9,,29.0,15.0,1013.8,1009.5,28.4,35.8
2016-02-16,21.3,34.8,,28.0,18.0,1014.9,1011.0,25.8,34.1
2016-02-17,19.8,35.9,,24.0,16.0,1013.7,1008.8,26.6,34.3
2016-02-18,20.6,39.1,,20.0,13.0,1009.1,1003.9,28.9,37.8
2016-02-19,22.7,38.6,,28.0,24.0,1008.7,1005.0,30.5,37.1
2016-02-20,20.6,39.9,,31.0,25.0,1012.9,1008.8,28.6,37.3
2016-02-21,22.9,28.9,,81.0,70.0,1015.2,1013.0,23.6,27.0
2016-02-22,22.6,39.8,,60.0,17.0,1015.2,1011.2,27.8,38.3
2016-02-23,23.4,41.3,,42.0,17.0,1010.9,1006.2,30.6,39.5
2016-02-24,27.3,38.3,,45.0,26.0,1008.3,1006.0,29.7,36.5
2016-02-25,28.0,38.3,,45.0,27.0,1011.5,1009.1,30.0,36.8
2016-02-26,22.0,35.9,,44.0,28.0,1016.5,1013.0,26.9,34.7
2016-02-27,21.7,37.0,,23.0,16.0,1016.9,1012.8,27.9,35.7
2016-02-28,20.6,39.2,,20.0,13.0,1016.1,1011.6,28.8,37.4
2016-02-29,21.7,39.1,,18.0,10.0,1015.3,1010.7,29.3,37.9
2016-03-01,19.4,39.3,,17.0,8.0,1013.2,1009.4,29.1,37.8
2016-03-02,19.5,41.0,,13.0,10.0,1013.8,1009.9,31.6,40.2
2016-03-03,27.7,41.5,,30.0,14.0,1014.3,1009.6,31.9,39.2
2016-03-04,24.3,41.5,,32.0,13.0,1012.1,1006.5,32.0,38.9
2016-03-05,27.0,40.0,,26.0,18.0,1010.4,1006.6,32.5,38.2
2016-03-06,22.6,38.2,,56.0,26.0,1010.7,1006.7,28.2,36.9
2016-03-07,22.5,37.3,,60.0,32.0,1011.4,1007.9,27.2,35.2
2016-03-08,21.6,34.4,,73.0,41.0,1011.5,1008.8,25.7,33.0
2016-03-09,20.9,33.1,,73.0,45.0,1013.1,1009.4,24.2,31.8
2016-03-10,23.5,35.7,,67.0,32.0,1013.9,1009.8,27.3,34.2
2016-03-11,24.3,36.9,,55.0,28.0,1012.9,1008.7,29.2,35.6
2016-03-12,24.6,37.0,,53.0,26.0,1012.9,1008.8,29.8,36.0
2016-03-13,26.1,36.9,,64.0,33.0,1011.9,1007.3,28.4,35.8
2016-03-14,20.8,33.3,,80.0,47.0,1012.4,1008.8,25.0,31.7
2016-03-15,22.2,34.9,,69.0,37.0,1011.5,1007.1,25.1,33.9
2016-03-16,23.8,37.3,,54.0,28.0,1009.4,1005.0,28.7,36.1
2016-03-17,26.2,39.9,,44.0,24.0,1007.1,1002.6,30.8,38.8
2016-03-18,23.0,33.6,,76.0,43.0,1009.8,1006.6,25.3,32.8
2016-03-19,21.5,34.0,,53.0,32.0,1012.3,1008.2,24.1,32.4
2016-03-20,22.5,35.9,,30.0,32.0,1012.8,1008.3,26.5,34.4
2016-03-21,22.5,33.2,,24.0,23.0,1013.1,1010.3,27.6,31.5
2016-03-22,20.7,34.9,,26.0,20.0,1012.5,1009.2,26.2,33.3
2016-03-23,22.2,35.4,,47.0,33.0,1013.7,1010.8,25.6,34.7
2016-03-24,22.2,38.1,,27.0,18.0,1016.5,1013.0,28.7,36.6
2016-03-25,22.3,35.9,,51.0,24.0,1018.5,1014.4,26.4,35.6
2016-03-26,19.1,33.7,,48.0,29.0,1019.5,1014.8,24.5,32.4
2016-03-27,18.5,35.1,,34.0,22.0,1017.3,1011.9,24.5,34.4
2016-03-28,22.6,32.1,,33.0,27.0,1012.6,1009.7,25.7,30.0
2016-03-29,16.8,29.9,,69.0,38.0,1018.6,1015.3,20.9,28.9
2016-03-30,14.7,29.2,,49.0,26.0,1021.4,1016.7,20.6,27.8
2016-03-31,14.2,31.5,,38.0,21.0,1018.5,1013.7,21.0,30.7
2016-04-01,15.3,36.6,,29.0,17.0,1015.3,1011.6,22.4,35.1
2016-04-02,17.1,37.1,,30.0,13.0,1018.6,1015.0,24.4,36.5
2016-04-03,19.1,35.3,,25.0,13.0,1020.8,1017.0,26.1,34.3
2016-04-04,18.2,35.7,,29.0,13.0,1018.6,1013.1,25.0,34.5
2016-04-05,15.4,38.1,,27.0,10.0,1014.0,1009.5,25.4,37.5
2016-04-06,19.1,33.2,,53.0,26.0,1015.5,1013.9,23.3,32.5
2016-04-07,19.9,27.8,,54.0,36.0,1019.3,1017.1,21.0,26.6
2016-04-08,14.1,31.0,,54.0,27.0,1020.7,1015.9,18.2,29.7
2016-04-09,17.2,32.8,,42.0,25.0,1020.0,1015.8,22.1,31.3
2016-04-10,18.1,33.6,,33.0,19.0,1021.3,1017.7,23.7,32.9
2016-04-11,17.1,30.0,,34.0,20.0,1024.3,1019.3,21.2,28.8
2016-04-12,14.2,28.2,,44.0,20.0,1023.6,1018.7,19.2,27.2
2016-04-13,13.6,28.8,,42.0,21.0,1022.0,1017.4,19.9,28.2
2016-04-14,16.3,28.6,,35.0,19.0,1020.9,1017.4,19.9,27.8
2016-04-15,17.8,32.0,,31.0,14.0,1020.6,1016.6,19.6,30.5
2016-04-16,14.0,31.3,,24.0,14.0,1020.8,1017.0,21.4,30.8
2016-04-17,14.6,29.9,,43.0,23.0,1020.3,1015.4,20.8,28.4
2016-04-18,14.0,32.8,,35.0,15.0,1016.1,1011.6,21.1,32.1
2016-04-19,13.5,35.2,,30.0,12.0,1013.4,1010.3,23.1,34.3
2016-04-20,18.8,31.7,,44.0,24.0,1016.6,1013.8,23.2,30.9
2016-04-21,18.6,31.3,,60.0,29.0,1019.5,1016.9,21.2,30.2
2016-04-22,15.6,30.7,,58.0,28.0,1023.8,1019.5,20.6,29.4
2016-04-23,16.9,28.4,,45.0,25.0,1023.8,1019.4,20.0,27.5
2016-04-24,12.1,27.3,,42.0,21.0,1022.7,1017.9,18.6,26.2
2016-04-25,9.6,28.8,,28.0,13.0,1021.7,1017.1,17.1,28.0
2016-04-26,11.0,32.5,,28.0,12.0,1018.0,1013.1,19.4,31.8
2016-04-27,13.2,32.8,,25.0,14.0,1015.1,1011.7,21.3,31.2
2016-04-28,15.4,34.3,,26.0,12.0,1013.9,1009.6,22.6,33.1
2016-04-29,22.2,26.7,,43.0,37.0,1014.9,1013.7,23.2,25.6
2016-04-30,18.7,30.5,,65.0,33.0,1014.9,1012.5,21.1,29.2
2016-05-01,17.2,22.3,,37.0,35.0,1018.0,1017.3,18.8,21.9
2016-05-02,14.9,27.4,,47.0,17.0,1018.7,1015.8,18.8,26.7
2016-05-03,13.9,30.0,,39.0,19.0,1018.5,1015.0,20.7,28.3
2016-05-04,8.2,29.2,,29.0,14.0,1019.5,1014.8,18.3,28.3
2016-05-05,13.5,26.4,,34.0,45.0,1016.7,1013.6,18.1,25.8
2016-05-06,18.0,21.6,,97.0,77.0,1015.5,1012.3,18.4,20.8
2016-05-07,16.6,21.6,,100.0,100.0,1011.3,1006.4,16.7,19.9
2016-05-08,16.3,21.9,,79.0,40.0,1008.8,1006.0,16.5,20.1
2016-05-09,8.3,21.3,,62.0,44.0,1016.0,1015.1,13.9,20.4
2016-05-10,7.9,20.3,,75.0,45.0,1024.3,1022.5,12.3,19.3
2016-05-11,9.5,21.8,,68.0,36.0,1026.8,1023.2,13.5,20.7
2016-05-12,8.8,23.8,,74.0,27.0,1023.9,1020.2,13.1,22.4
2016-05-13,8.0,26.0,,63.0,23.0,1023.2,1019.0,14.0,24.7
2016-05-14,7.4,27.8,,59.0,16.0,1022.4,1019.1,14.2,26.5
2016-05-15,7.3,28.7,,43.0,13.0,1021.1,1016.8,16.4,27.9
2016-05-16,11.1,29.7,,40.0,14.0,1019.0,1015.8,19.1,28.4
2016-05-17,11.5,29.0,,38.0,16.0,1019.2,1016.3,18.6,27.9
2016-05-18,13.9,29.0,,40.0,20.0,1020.6,1017.4,19.7,28.1
2016-05-19,12.8,27.2,,50.0,23.0,1021.6,1017.3,18.3,26.1
2016-05-20,14.6,23.9,,52.0,30.0,1019.6,1016.8,16.4,23.2
2016-05-21,13.8,28.6,,51.0,26.0,1017.8,1012.5,17.1,27.1
2016-05-22,12.7,28.7,,49.0,41.0,1015.8,1015.3,19.9,26.7
2016-05-23,13.1,16.0,,61.0,55.0,1022.8,1020.8,14.3,15.6
2016-05-24,11.5,24.5,,44.0,32.0,1020.0,1015.7,14.8,23.6
2016-05-25,12.1,29.6,,65.0,35.0,1015.2,1011.5,17.8,29.0
2016-05-26,13.7,30.8,,66.0,32.0,1014.5,1011.8,19.5,30.4
2016-05-27,10.6,20.3,,48.0,34.0,1021.3,1018.9,14.8,19.6
2016-05-28,7.0,19.5,,67.0,37.0,1020.6,1016.7,10.6,18.3
2016-05-29,8.0,26.2,,69.0,35.0,1018.3,1014.6,11.8,25.4
2016-05-30,11.8,18.7,,96.0,96.0,1017.7,1016.4,16.8,17.6
2016-05-31,13.7,23.0,,100.0,63.0,1020.3,1017.3,15.0,22.2
2016-06-01,14.2,21.8,,100.0,72.0,1020.5,1018.2,15.0,20.9
2016-06-02,14.2,17.8,,100.0,99.0,1018.7,1016.4,15.2,17.4
2016-06-03,14.3,21.1,,85.0,56.0,1020.1,1017.7,16.1,20.0
2016-06-04,8.9,19.7,,86.0,51.0,1020.5,1016.3,11.7,18.2
2016-06-05,11.6,23.1,,72.0,47.0,1015.9,1012.7,15.2,22.6
2016-06-06,15.2,21.3,,100.0,71.0,1016.1,1014.0,16.9,20.6
2016-06-07,15.5,27.2,,100.0,71.0,1011.7,1006.9,16.3,24.1
2016-06-08,13.7,18.6,,68.0,42.0,1012.8,1013.5,14.8,17.7
2016-06-09,6.1,17.7,,81.0,48.0,1023.9,1022.8,9.9,16.9
2016-06-10,5.2,17.6,,76.0,38.0,1027.9,1025.0,9.6,16.6
2016-06-11,7.2,17.4,,74.0,40.0,1030.5,1027.6,10.3,16.8
2016-06-12,4.8,18.0,,70.0,39.0,1032.1,1027.4,9.5,17.2
2016-06-13,5.7,19.2,,68.0,29.0,1027.7,1022.0,9.3,18.5
2016-06-14,8.0,20.8,,70.0,35.0,1024.6,1021.2,11.0,19.7
2016-06-15,7.9,25.9,,79.0,44.0,1022.3,1017.7,12.5,25.2
2016-06-16,12.5,20.8,,82.0,45.0,1018.5,1015.2,14.6,20.5
2016-06-17,8.2,21.9,,79.0,40.0,1016.9,1013.3,11.5,20.9
2016-06-18,8.7,18.9,,80.0,46.0,1019.7,1016.8,12.3,17.9
2016-06-19,3.4,18.3,,77.0,40.0,1020.3,1017.3,8.2,16.9
2016-06-20,2.2,21.5,,80.0,23.0,1017.4,1014.1,8.5,20.5
2016-06-21,7.8,25.9,,57.0,25.0,1013.9,1011.5,12.3,24.9
2016-06-22,12.3,19.1,,79.0,62.0,1016.8,1014.1,15.6,18.9
2016-06-23,14.2,18.7,,81.0,67.0,1015.2,1014.6,16.6,17.5
2016-06-24,3.2,17.9,,83.0,39.0,1022.4,1019.0,8.8,17.2
2016-06-25,8.8,11.3,,85.0,99.0,1020.1,1014.9,10.8,11.1
2016-06-26,10.2,15.6,,95.0,52.0,1018.7,1018.4,10.5,14.9
2016-06-27,2.9,16.4,,88.0,51.0,1024.6,1021.9,8.4,15.9
2016-06-28,3.4,17.2,,82.0,41.0,1025.4,1021.5,8.5,16.7
2016-06-29,2.6,21.0,,83.0,34.0,1023.3,1019.5,7.4,20.6
2016-06-30,7.3,23.3,,66.0,33.0,1022.4,1020.3,15.1,22.6
2016-07-01,11.3,13.6,,89.0,78.0,1027.4,1026.2,11.3,13.3
2016-07-02,9.4,16.4,,82.0,57.0,1029.1,1026.1,11.0,15.7
2016-07-03,4.1,19.0,,81.0,46.0,1025.1,1019.9,8.4,17.6
2016-07-04,8.3,16.7,,84.0,63.0,1018.8,1019.1,12.0,15.8
2016-07-05,4.2,15.2,,94.0,52.0,1025.9,1022.9,8.3,14.4
2016-07-06,5.1,16.1,,68.0,40.0,1025.7,1021.9,9.2,15.5
2016-07-07,8.9,16.4,,68.0,52.0,1020.5,1018.4,10.8,14.7
2016-07-08,5.2,24.7,,74.0,31.0,1020.0,1015.9,8.6,23.4
2016-07-09,8.6,27.8,,57.0,25.0,1015.4,1010.1,16.3,27.6
2016-07-10,12.4,18.8,,78.0,61.0,1015.4,1013.3,13.3,17.3
2016-07-11,3.0,18.0,,84.0,41.0,1018.6,1016.2,8.0,17.4
2016-07-12,5.3,13.1,,81.0,42.0,1024.4,1024.0,7.3,12.8
2016-07-13,2.4,13.7,,67.0,45.0,1030.1,1027.8,7.1,13.2
2016-07-14,0.6,14.2,,76.0,40.0,1031.7,1027.5,5.8,13.7
2016-07-15,-0.3,15.5,,66.0,28.0,1029.9,1026.1,5.0,14.7
2016-07-16,0.9,16.4,,68.0,25.0,1028.3,1023.8,5.5,15.5
2016-07-17,-0.5,19.4,,65.0,17.0,1024.3,1020.0,5.3,18.3
2016-07-18,2.7,22.2,,61.0,41.0,1020.8,1017.0,9.7,21.0
2016-07-19,7.1,24.7,,83.0,34.0,1019.2,1016.2,11.5,24.1
2016-07-20,8.3,25.7,,79.0,39.0,1019.7,1016.9,15.0,25.0
2016-07-21,8.3,27.9,,78.0,31.0,1017.9,1014.4,14.3,27.0
2016-07-22,10.1,25.9,,65.0,31.0,1017.6,1015.6,16.1,25.6
2016-07-23,11.6,18.2,,45.0,35.0,1021.6,1018.5,12.3,17.2
2016-07-24,10.9,19.1,,46.0,27.0,1022.7,1020.6,11.1,17.9
2016-07-25,4.6,19.0,,59.0,30.0,1024.9,1020.8,8.6,17.8
2016-07-26,3.4,20.6,,58.0,22.0,1024.4,1021.3,10.0,19.6
2016-07-27,3.0,20.9,,59.0,28.0,1027.6,1025.5,10.3,19.8
2016-07-28,5.4,20.8,,68.0,29.0,1029.9,1025.1,10.0,20.3
2016-07-29,6.7,22.4,,60.0,24.0,1025.9,1021.2,10.3,21.7
2016-07-30,2.7,25.5,,57.0,14.0,1022.8,1018.2,9.9,24.8
2016-07-31,5.6,28.7,,45.0,12.0,1018.7,1014.1,13.6,27.9
2016-08-01,11.7,17.2,,47.0,38.0,1020.0,1019.9,14.9,16.0
2016-08-02,5.1,16.5,,65.0,27.0,1026.3,1022.7,8.3,15.6
2016-08-03,2.7,17.4,,57.0,29.0,1027.1,1023.4,7.6,16.2
2016-08-04,1.0,19.1,,56.0,28.0,1026.1,1022.2,8.2,17.8
2016-08-05,1.9,19.4,,56.0,22.0,1025.0,1020.9,9.4,19.3
2016-08-06,2.5,22.1,,45.0,18.0,1022.3,1018.0,9.1,20.8
2016-08-07,3.3,25.6,,42.0,14.0,1021.3,1017.4,11.4,24.6
2016-08-08,4.9,27.8,,42.0,15.0,1020.5,1016.0,12.9,26.8
2016-08-09,12.9,25.2,,51.0,36.0,1018.0,1015.5,19.4,23.5
2016-08-10,8.0,21.6,,49.0,27.0,1021.1,1018.4,13.8,21.4
2016-08-11,4.9,21.5,,49.0,19.0,1024.7,1020.1,10.8,21.0
2016-08-12,4.7,26.4,,42.0,24.0,1021.3,1017.1,11.6,25.0
2016-08-13,11.3,23.5,,34.0,23.0,1022.6,1020.5,16.2,22.5
2016-08-14,10.8,23.1,,34.0,23.0,1025.3,1021.2,15.6,22.8
2016-08-15,9.5,25.3,,30.0,22.0,1023.7,1019.7,14.7,23.7
2016-08-16,5.8,27.3,,34.0,18.0,1022.6,1018.3,13.9,26.0
2016-08-17,7.1,28.2,,41.0,18.0,1021.6,1017.0,16.7,27.1
2016-08-18,6.0,29.8,,41.0,15.0,1015.2,1010.5,16.0,28.7
2016-08-19,8.1,20.6,,33.0,16.0,1021.4,1018.5,11.8,19.1
2016-08-20,3.1,22.6,,36.0,21.0,1020.4,1015.2,11.6,21.5
2016-08-21,8.5,24.8,,39.0,23.0,1013.2,1009.0,13.4,24.1
2016-08-22,2.1,21.6,,35.0,18.0,1012.4,1007.9,10.9,21.0
2016-08-23,10.9,20.2,,69.0,33.0,1011.3,1009.1,12.4,20.0
2016-08-24,3.4,19.2,,74.0,34.0,1018.5,1015.9,9.6,18.3
2016-08-25,5.5,19.0,,56.0,33.0,1020.4,1018.2,12.2,18.0
2016-08-26,1.0,19.2,,58.0,28.0,1024.2,1020.2,9.9,17.3
2016-08-27,3.4,26.1,,49.0,18.0,1020.4,1015.9,11.4,25.0
2016-08-28,7.4,27.1,,49.0,21.0,1014.9,1009.6,14.4,25.8
2016-08-29,14.2,14.4,,93.0,100.0,1013.1,1010.8,14.2,14.0
2016-08-30,11.5,22.9,,96.0,32.0,1018.0,1015.2,12.6,21.9
2016-08-31,7.4,24.2,,69.0,32.0,1020.1,1015.1,14.6,23.4
2016-09-01,11.3,20.2,,83.0,83.0,1012.5,1009.4,15.3,16.7
2016-09-02,11.3,17.9,,75.0,56.0,1016.3,1014.5,12.8,17.1
2016-09-03,10.9,19.8,,67.0,41.0,1020.1,1019.0,14.5,18.7
2016-09-04,8.2,21.8,,63.0,38.0,1024.9,1021.2,13.3,21.0
2016-09-05,7.9,23.6,,49.0,29.0,1024.1,1019.6,15.5,22.9
2016-09-06,12.1,27.3,,45.0,24.0,1021.8,1017.2,17.1,26.5
2016-09-07,14.7,31.2,,50.0,27.0,1018.9,1014.3,18.4,30.3
2016-09-08,15.1,31.1,,63.0,24.0,1015.8,1012.8,21.0,30.3
2016-09-09,11.1,23.1,,43.0,22.0,1022.4,1018.3,15.1,21.6
2016-09-10,7.7,26.2,,41.0,24.0,1020.5,1015.3,15.0,24.8
2016-09-11,11.1,31.1,,36.0,23.0,1016.5,1011.8,18.9,30.8
2016-09-12,16.4,30.7,,37.0,81.0,1013.9,1010.3,21.4,21.5
2016-09-13,13.4,17.2,,83.0,70.0,1015.7,1013.8,13.8,16.6
2016-09-14,11.4,15.5,,53.0,54.0,1019.1,1014.7,11.8,14.7
2016-09-15,6.4,21.1,,59.0,31.0,1019.1,1014.6,12.6,20.1
2016-09-16,7.6,28.7,,59.0,20.0,1015.8,1010.2,14.8,27.7
2016-09-17,14.4,22.6,,54.0,31.0,1015.5,1014.9,14.8,22.2
2016-09-18,6.7,22.0,,61.0,26.0,1019.1,1013.4,12.0,20.9
2016-09-19,5.9,29.4,,52.0,15.0,1010.7,1003.7,15.3,28.4
2016-09-20,7.5,21.2,,58.0,27.0,1015.2,1013.3,12.6,20.5
2016-09-21,4.6,23.0,,38.0,21.0,1021.0,1016.4,14.6,21.7
2016-09-22,6.8,27.5,,33.0,16.0,1017.9,1013.3,17.9,26.3
2016-09-23,10.5,32.4,,35.0,25.0,1011.4,1004.5,19.1,30.0
2016-09-24,15.2,27.5,,35.0,22.0,1011.7,1008.8,20.3,26.5
2016-09-25,8.9,27.8,,34.0,20.0,1016.1,1010.6,17.9,26.6
2016-09-26,13.2,25.7,,42.0,33.0,1013.7,1011.5,18.5,25.1
2016-09-27,14.1,29.9,,55.0,33.0,1014.1,1009.0,19.8,28.6
2016-09-28,19.8,30.5,,41.0,13.0,1007.7,1005.3,24.9,29.8
2016-09-29,6.6,22.1,,37.0,16.0,1016.9,1011.9,11.0,19.9
2016-09-30,2.7,25.7,,36.0,13.0,1014.7,1009.4,14.0,23.7
2016-10-01,5.1,33.7,,22.0,8.0,1009.9,1003.7,20.8,32.7
2016-10-02,18.2,27.3,,66.0,11.0,1006.3,1005.6,21.4,26.1
2016-10-03,6.4,25.4,,25.0,13.0,1017.7,1013.6,16.7,23.8
2016-10-04,6.1,28.8,,21.0,10.0,1017.6,1013.8,20.6,27.5
2016-10-05,10.1,32.0,,20.0,9.0,1018.7,1014.5,21.2,30.5
2016-10-06,10.0,33.5,,22.0,9.0,1018.5,1013.9,22.6,32.6
2016-10-07,10.4,36.3,,18.0,9.0,1018.7,1014.6,25.3,35.5
2016-10-08,12.3,38.1,,19.0,8.0,1017.8,1012.2,27.7,36.4
2016-10-09,13.6,38.6,,18.0,8.0,1013.0,1008.3,27.6,37.8
2016-10-10,18.6,29.0,,37.0,24.0,1017.8,1016.5,22.4,27.7
2016-10-11,11.5,26.3,,33.0,18.0,1022.5,1018.2,17.3,25.6
2016-10-12,9.0,29.0,,22.0,12.0,1021.2,1016.2,18.8,27.6
2016-10-13,10.3,29.4,,28.0,10.0,1020.3,1015.4,19.9,28.7
2016-10-14,10.0,30.6,,24.0,9.0,1018.0,1012.7,21.3,29.1
2016-10-15,8.3,34.6,,22.0,7.0,1013.1,1007.3,22.8,33.8
2016-10-16,16.1,23.8,,40.0,31.0,1011.5,1013.6,21.3,20.5
2016-10-17,3.7,25.2,,32.0,16.0,1019.8,1015.9,15.6,24.2
2016-10-18,6.0,29.9,,23.0,9.0,1017.9,1014.6,20.0,28.9
2016-10-19,12.1,33.9,,18.0,7.0,1015.4,1010.7,22.4,33.3
2016-10-20,13.4,32.6,,21.0,23.0,1011.8,1007.4,25.6,30.9
2016-10-21,14.8,21.9,,65.0,49.0,1016.5,1015.6,15.8,20.6
2016-10-22,8.9,23.2,,44.0,24.0,1023.9,1019.7,15.0,21.5
2016-10-23,7.4,25.2,,26.0,13.0,1022.4,1017.5,16.9,24.2
2016-10-24,5.7,29.7,,20.0,8.0,1018.5,1012.9,19.4,27.7
2016-10-25,6.5,35.2,,15.0,6.0,1013.6,1008.3,23.5,33.8
2016-10-26,14.2,35.8,,27.0,12.0,1013.8,1011.1,26.5,33.5
2016-10-27,18.3,33.1,,41.0,22.0,1016.8,1012.3,23.1,31.4
2016-10-28,21.6,32.1,,21.0,16.0,1015.6,1010.8,24.5,31.2
2016-10-29,23.7,39.9,,14.0,11.0,1011.4,1005.4,29.1,37.9
2016-10-30,24.0,32.0,,32.0,28.0,1012.3,1010.7,27.8,29.7
2016-10-31,19.8,28.9,,40.0,26.0,1015.9,1012.3,20.7,27.8
2016-11-01,16.6,28.6,,29.0,22.0,1015.1,1012.3,20.6,26.6
2016-11-02,17.3,26.0,,27.0,53.0,1015.7,1013.5,22.5,23.0
2016-11-03,15.8,33.7,,40.0,19.0,1015.1,1011.4,22.9,32.9
2016-11-04,17.0,37.6,,21.0,14.0,1014.8,1010.6,28.3,35.9
2016-11-05,18.2,37.7,,17.0,10.0,1015.7,1012.2,29.1,35.8
2016-11-06,18.7,38.1,,18.0,9.0,1015.0,1008.8,28.7,37.0
2016-11-07,16.3,41.2,,15.0,8.0,1007.0,1002.2,31.4,38.5
2016-11-08,17.5,35.5,,46.0,15.0,1009.8,1005.4,22.0,33.7
2016-11-09,18.8,38.7,,27.0,15.0,1008.1,1002.2,24.8,36.8
2016-11-10,21.3,39.1,,20.0,16.0,1004.7,1001.9,27.7,34.9
2016-11-11,21.1,39.1,,19.0,8.0,1005.2,1002.3,30.9,38.8
2016-11-12,17.4,34.9,,25.0,13.0,1010.8,1008.0,26.3,34.0
2016-11-13,16.8,30.5,,29.0,11.0,1017.4,1012.9,21.1,29.9
2016-11-14,12.4,30.4,,25.0,14.0,1018.1,1014.4,22.0,27.7
2016-11-15,13.8,32.6,,18.0,8.0,1018.5,1013.2,23.5,31.0
2016-11-16,15.2,35.7,,12.0,6.0,1015.9,1010.4,27.9,34.8
2016-11-17,20.5,38.7,,9.0,6.0,1013.2,1009.6,29.8,37.1
2016-11-18,24.5,33.9,,36.0,21.0,1013.3,1009.4,27.2,32.5
2016-11-19,16.8,34.3,,54.0,25.0,1013.3,1008.2,23.4,31.7
2016-11-20,18.2,39.6,,34.0,10.0,1010.1,1004.4,27.9,38.4
2016-11-21,18.9,42.1,,21.0,10.0,1005.2,1001.4,31.6,39.0
2016-11-22,21.8,33.8,,39.0,27.0,1010.2,1006.9,24.7,32.2
2016-11-23,19.7,35.5,,27.0,20.0,1012.5,1008.8,26.4,33.8
2016-11-24,19.3,29.0,,46.0,34.0,1014.8,1011.7,22.4,28.3
2016-11-25,14.8,32.0,,37.0,21.0,1015.5,1011.5,21.1,31.4
2016-11-26,16.1,34.2,,21.0,12.0,1016.5,1012.0,26.4,32.2
2016-11-27,16.8,35.5,,13.0,8.0,1015.3,1011.1,27.3,34.0
2016-11-28,14.9,38.7,,9.0,6.0,1012.9,1008.9,30.5,37.0
2016-11-29,17.1,41.5,,9.0,6.0,1011.0,1006.9,30.9,39.2
2016-11-30,19.3,40.9,,11.0,8.0,1008.2,1004.5,30.5,39.5
2016-12-01,20.1,42.2,,19.0,8.0,1006.4,1002.1,33.2,41.1
2016-12-02,27.7,40.6,,20.0,14.0,1007.6,1004.5,32.3,39.1
2016-12-03,23.6,31.9,,43.0,39.0,1009.8,1009.0,29.2,29.3
2016-12-04,21.9,39.2,,47.0,24.0,1009.1,1003.6,29.3,37.8
2016-12-05,20.4,32.5,,87.0,44.0,1010.6,1007.7,22.7,32.3
2016-12-06,19.0,23.3,,90.0,96.0,1013.6,1012.5,21.2,21.9
2016-12-07,19.4,33.3,,83.0,41.0,1012.3,1008.4,23.0,31.9
2016-12-08,22.1,33.1,,51.0,24.0,1011.4,1009.5,24.7,31.9
2016-12-09,16.6,31.5,,29.0,16.0,1015.5,1012.5,23.7,29.7
2016-12-10,17.3,32.9,,22.0,12.0,1016.7,1013.0,25.2,31.7
2016-12-11,16.3,34.4,,16.0,9.0,1015.5,1011.2,27.9,33.1
2016-12-12,14.7,37.6,,13.0,6.0,1012.1,1007.5,29.1,36.3
2016-12-13,16.7,41.7,,17.0,7.0,1006.1,1002.6,33.2,41.1
2016-12-14,24.2,35.2,,45.0,28.0,1009.3,1005.1,27.3,33.9
2016-12-15,18.6,31.5,,71.0,44.0,1011.7,1007.3,20.3,29.5
2016-12-16,18.6,36.6,,45.0,26.0,1008.3,1003.9,26.9,34.7
2016-12-17,22.8,37.5,,27.0,22.0,1010.4,1007.4,29.6,36.5
2016-12-18,26.2,38.6,,23.0,19.0,1012.2,1007.3,28.8,36.3
2016-12-19,22.1,39.5,,56.0,25.0,1009.0,1004.8,28.6,38.7
2016-12-20,23.4,37.4,,36.0,24.0,1008.2,1004.9,30.7,36.2
2016-12-21,26.1,38.2,,32.0,19.0,1010.3,1006.4,29.1,37.1
2016-12-22,25.3,37.4,,49.0,30.0,1008.6,1003.5,29.7,36.3
2016-12-23,24.8,32.6,,59.0,57.0,1007.5,1004.0,28.2,30.0
2016-12-24,22.9,29.9,,85.0,58.0,1008.8,1005.1,24.6,29.3
2016-12-25,22.8,29.5,,96.0,75.0,1005.5,1001.1,24.3,28.0
2016-12-26,22.1,27.4,,100.0,100.0,994.6,989.2,22.2,24.2
2016-12-27,22.1,35.8,,77.0,41.0,997.8,995.2,26.0,33.5
2016-12-28,22.6,36.8,,63.0,39.0,1000.0,998.8,29.7,34.0
2016-12-29,23.2,38.0,,25.0,14.0,1004.4,1001.0,28.7,36.4
2016-12-30,19.7,37.0,,30.0,23.0,1004.6,1000.9,28.2,35.1
2016-12-31,23.7,33.0,,40.0,38.0,1005.1,1002.7,30.1,31.5
2017-01-01,22.3,36.1,,50.0,26.0,1007.3,1005.0,27.9,35.0
2017-01-02,23.2,32.7,,32.0,27.0,1010.3,1007.6,25.9,31.6
2017-01-03,21.6,35.3,,30.0,21.0,1008.9,1005.6,27.8,33.2
2017-01-04,20.9,37.8,,22.0,19.0,1007.5,1004.1,29.4,35.7
2017-01-05,23.0,39.9,,19.0,18.0,1005.9,1002.2,32.8,37.9
2017-01-06,23.8,40.1,,49.0,26.0,1003.1,999.7,31.7,37.9
2017-01-07,27.7,38.8,,50.0,29.0,1002.7,998.6,31.5,37.5
2017-01-08,25.1,38.6,,49.0,25.0,1003.5,1000.9,29.1,37.8
2017-01-09,26.4,39.2,,38.0,24.0,1004.6,1001.4,32.5,38.1
2017-01-10,27.7,37.4,,34.0,27.0,1005.1,1002.9,33.3,37.1
2017-01-11,25.7,38.7,,52.0,32.0,1006.4,1002.2,31.0,36.8
2017-01-12,21.6,34.1,,95.0,79.0,1005.1,1001.0,24.7,28.7
2017-01-13,24.7,34.6,,68.0,81.0,1003.9,1002.8,30.0,29.1
2017-01-14,21.5,31.5,,62.0,42.0,1010.5,1007.9,22.7,29.9
2017-01-15,21.8,35.8,,43.0,35.0,1010.4,1006.2,26.0,34.7
2017-01-16,25.3,37.9,,22.0,22.0,1007.9,1003.9,30.5,36.9
2017-01-17,23.2,40.1,,29.0,24.0,1005.4,1001.6,29.7,39.4
2017-01-18,25.4,36.5,,63.0,42.0,1005.3,1002.5,30.3,35.5
2017-01-19,24.5,34.7,,73.0,49.0,1006.0,1001.9,28.0,33.5
2017-01-20,26.0,34.4,,67.0,53.0,1004.3,1001.9,29.9,32.4
2017-01-21,24.7,32.5,,74.0,70.0,1007.5,1004.9,28.1,30.2
2017-01-22,24.5,37.5,,70.0,38.0,1007.9,1003.7,28.4,36.1
2017-01-23,23.1,34.5,,79.0,56.0,1007.8,1003.7,26.0,32.9
2017-01-24,21.8,25.4,,100.0,76.0,1010.6,1009.6,21.8,25.0
2017-01-25,21.3,34.2,,80.0,52.0,1014.2,1010.4,23.7,32.3
2017-01-26,23.6,35.5,,68.0,46.0,1012.8,1009.5,27.5,33.7
2017-01-27,24.6,37.9,,51.0,31.0,1011.2,1007.9,29.6,36.2
2017-01-28,24.7,39.2,,45.0,30.0,1011.7,1008.5,31.7,37.4
2017-01-29,25.4,40.3,,40.0,20.0,1012.2,1008.2,31.6,38.9
2017-01-30,23.8,41.3,,32.0,18.0,1009.5,1006.1,33.8,39.0
2017-01-31,26.1,41.5,,45.0,16.0,1008.6,1005.4,32.1,40.5
2017-02-01,27.6,40.8,,44.0,22.0,1010.1,1006.3,32.1,39.0
2017-02-02,27.5,36.5,,50.0,34.0,1011.9,1007.8,29.0,35.4
2017-02-03,23.5,36.0,,46.0,33.0,1010.6,1006.7,28.3,33.8
2017-02-04,25.6,38.8,,38.0,30.0,1007.2,1002.7,30.9,37.1
2017-02-05,24.4,39.0,,49.0,26.0,1004.3,1000.4,31.8,37.8
2017-02-06,25.8,39.2,,45.0,30.0,1005.2,1001.7,31.0,37.8
2017-02-07,24.4,37.9,,69.0,35.0,1006.2,1002.2,27.7,37.0
2017-02-08,24.1,39.2,,62.0,28.0,1005.7,1003.0,29.7,37.8
2017-02-09,25.6,40.6,,47.0,27.0,1007.3,1003.2,32.0,38.6
2017-02-10,24.8,39.8,,38.0,24.0,1007.0,1003.6,31.5,36.6
2017-02-11,22.2,39.4,,56.0,25.0,1008.4,1004.9,28.6,38.7
2017-02-12,26.0,40.1,,47.0,26.0,1007.1,1004.1,30.9,38.9
2017-02-13,23.1,36.2,,31.0,19.0,1011.4,1008.4,26.2,34.2
2017-02-14,22.0,36.3,,21.0,16.0,1012.8,1008.8,27.3,34.5
2017-02-15,20.1,38.9,,19.0,12.0,1010.6,1006.2,29.3,37.9
2017-02-16,19.3,40.1,,22.0,14.0,1009.0,1005.6,29.2,38.9
2017-02-17,19.9,39.3,,34.0,12.0,1010.7,1008.3,29.3,38.3
2017-02-18,21.8,34.0,,32.0,18.0,1015.1,1011.3,25.1,32.2
2017-02-19,16.3,31.4,,36.0,18.0,1015.8,1010.9,21.9,29.6
2017-02-20,14.4,32.3,,25.0,11.0,1014.6,1010.1,21.8,30.9
2017-02-21,13.5,,,23.0,11.0,1013.7,1008.4,25.2,34.4
2017-02-22,16.1,38.0,,30.0,16.0,1011.4,1008.6,27.7,36.4
2017-02-23,18.1,36.6,,27.0,13.0,1016.1,1013.2,25.9,35.4
2017-02-24,19.3,36.7,,29.0,15.0,1019.4,1014.6,26.3,35.0
2017-02-25,18.1,35.9,,29.0,16.0,1017.2,1012.9,25.8,34.3
2017-02-26,19.3,37.5,,23.0,13.0,1013.7,1009.4,27.1,36.3
2017-02-27,17.5,38.0,,18.0,10.0,1013.5,1009.6,26.8,36.8
2017-02-28,15.9,38.2,,15.0,8.0,1012.5,1008.8,28.3,37.8
2017-03-01,19.1,39.8,,23.0,14.0,1012.6,1009.9,29.9,38.0
2017-03-02,21.0,38.4,,20.0,11.0,1014.7,1010.7,30.0,37.4
2017-03-03,19.5,38.1,,22.0,12.0,1012.9,1009.1,30.0,36.3
2017-03-04,20.8,38.4,,21.0,11.0,1012.4,1009.0,29.8,37.3
2017-03-05,20.4,39.2,,21.0,10.0,1012.2,1008.9,30.1,38.2
2017-03-06,21.3,37.1,,26.0,15.0,1012.2,1008.3,27.7,36.0
2017-03-07,22.4,32.0,,34.0,23.0,1012.1,1009.1,24.9,31.2
2017-03-08,21.4,33.9,,32.0,21.0,1011.3,1008.8,27.5,33.0
2017-03-09,17.8,36.4,,49.0,19.0,1012.4,1008.7,27.1,35.0
2017-03-10,25.3,36.5,,25.0,23.0,1012.2,1009.5,29.7,35.0
2017-03-11,22.0,37.4,,17.0,21.0,1011.4,1007.7,29.4,36.1
2017-03-12,26.6,36.4,,45.0,29.0,1010.8,1007.0,27.4,34.5
2017-03-13,16.3,35.7,,30.0,19.0,1012.5,1008.4,23.8,33.4
2017-03-14,18.5,39.0,,32.0,13.0,1012.5,1007.6,26.0,37.8
2017-03-15,17.9,41.9,,26.0,15.0,1009.7,1005.0,27.0,40.8
2017-03-16,23.4,35.1,,43.0,21.0,1012.3,1009.1,24.2,34.1
2017-03-17,19.8,37.7,,27.0,16.0,1015.5,1010.7,24.8,36.1
2017-03-18,20.3,38.8,,29.0,14.0,1015.7,1011.0,28.6,37.1
2017-03-19,19.2,39.5,,23.0,10.0,1012.4,1007.6,28.7,37.8
2017-03-20,17.5,39.7,,22.0,9.0,1009.5,1005.6,26.9,38.6
2017-03-21,21.8,38.9,,42.0,15.0,1011.2,1006.8,26.3,36.8
2017-03-22,23.1,39.9,,33.0,16.0,1012.3,1007.7,28.1,37.8
2017-03-23,24.6,40.8,,28.0,13.0,1012.0,1007.8,29.2,38.8
2017-03-24,22.5,40.6,,27.0,11.0,1010.7,1006.9,29.5,39.3
2017-03-25,21.3,40.6,,21.0,11.0,1010.0,1005.3,29.7,38.9
2017-03-26,18.4,41.6,,20.0,9.0,1008.7,1005.1,28.6,40.4
2017-03-27,25.3,37.6,,44.0,28.0,1010.5,1008.7,30.6,35.9
2017-03-28,24.1,37.0,,30.0,20.0,1013.1,1008.7,27.4,36.1
2017-03-29,25.2,34.7,,32.0,27.0,1012.4,1009.7,26.6,33.8
2017-03-30,17.7,28.0,,52.0,20.0,1019.8,1016.0,19.3,26.8
2017-03-31,15.9,28.8,,26.0,15.0,1019.4,1015.4,19.2,27.4
2017-04-01,12.0,29.0,,29.0,14.0,1019.9,1016.7,19.7,28.3
2017-04-02,13.1,27.9,,31.0,19.0,1022.7,1018.3,19.3,26.8
2017-04-03,11.5,28.6,,34.0,17.0,1022.6,1017.5,19.4,27.7
2017-04-04,11.5,29.0,,23.0,10.0,1021.1,1016.7,18.9,27.7
2017-04-05,9.9,29.8,,20.0,11.0,1018.0,1013.2,20.0,28.1
2017-04-06,12.2,31.0,,25.0,10.0,1017.1,1012.3,20.6,29.9
2017-04-07,10.6,34.7,,24.0,12.0,1016.4,1012.6,21.9,33.0
2017-04-08,14.3,36.8,,26.0,10.0,1016.2,1013.1,23.2,34.8
2017-04-09,15.9,30.0,,51.0,22.0,1021.1,1017.2,20.4,29.1
2017-04-10,12.4,27.0,,48.0,24.0,1021.6,1016.9,17.4,26.4
2017-04-11,9.1,26.1,,37.0,16.0,1020.7,1016.1,16.1,24.8
2017-04-12,9.6,28.4,,31.0,12.0,1020.3,1016.2,16.9,26.8
2017-04-13,10.6,29.3,,27.0,10.0,1021.3,1017.4,18.3,27.9
2017-04-14,11.8,29.8,,27.0,10.0,1021.1,1016.7,18.9,28.1
2017-04-15,17.8,29.2,,44.0,14.0,1017.6,1014.1,17.8,28.0
2017-04-16,12.5,31.9,,29.0,13.0,1016.5,1012.3,19.3,30.5
2017-04-17,19.3,24.4,,28.0,91.0,1015.9,1013.9,21.3,18.5
2017-04-18,15.2,21.5,,65.0,65.0,1016.9,1015.3,19.0,21.2
2017-04-19,17.7,26.9,,93.0,59.0,1018.1,1014.7,19.0,26.0
2017-04-20,18.6,28.6,,100.0,56.0,1020.0,1015.8,19.8,26.9
2017-04-21,18.1,29.6,,90.0,46.0,1017.7,1014.5,20.3,28.0
2017-04-22,16.8,29.0,,89.0,39.0,1019.1,1014.9,18.3,27.8
2017-04-23,15.8,30.5,,67.0,36.0,1017.3,1013.1,20.8,29.0
2017-04-24,18.1,31.7,,60.0,32.0,1014.5,1011.4,22.8,31.2
2017-04-25,15.6,27.3,,77.0,45.0,1018.0,1014.9,19.3,26.4
2017-04-26,12.4,24.2,,59.0,30.0,1022.5,1018.9,16.3,23.2
2017-04-27,9.9,22.9,,56.0,30.0,1024.5,1021.2,14.1,21.7
2017-04-28,9.2,22.1,,50.0,26.0,1024.8,1020.1,13.1,20.8
2017-04-29,10.5,21.6,,52.0,30.0,1022.2,1018.4,13.7,21.3
2017-04-30,12.7,21.0,,50.0,34.0,1019.6,1016.1,15.3,20.5
2017-05-01,6.4,25.4,,55.0,25.0,1019.6,1017.4,15.2,23.9
2017-05-02,9.1,23.8,,66.0,36.0,1023.2,1020.4,15.8,22.4
2017-05-03,9.2,22.3,,55.0,33.0,1026.2,1022.3,14.3,21.2
2017-05-04,8.8,22.9,,50.0,28.0,1025.8,1021.9,13.8,22.2
2017-05-05,5.7,26.0,,41.0,20.0,1024.9,1020.8,13.8,24.8
2017-05-06,6.9,27.7,,34.0,19.0,1025.6,1022.1,17.4,26.7
2017-05-07,10.8,27.0,,31.0,17.0,1026.4,1022.5,16.8,26.3
2017-05-08,9.5,25.6,,42.0,21.0,1025.6,1020.8,16.2,24.4
2017-05-09,8.3,22.9,,49.0,25.0,1024.1,1020.4,14.2,21.9
2017-05-10,5.7,22.7,,41.0,19.0,1023.2,1019.1,12.5,21.6
2017-05-11,4.1,24.7,,33.0,17.0,1022.1,1017.2,13.4,23.7
2017-05-12,5.6,27.0,,31.0,17.0,1018.8,1014.5,13.3,26.2
2017-05-13,6.8,28.7,,43.0,19.0,1016.9,1014.6,15.2,27.5
2017-05-14,6.8,27.0,,43.0,20.0,1018.9,1015.4,14.6,26.2
2017-05-15,5.3,28.2,,41.0,19.0,1017.5,1012.9,14.0,27.6
2017-05-16,6.4,29.6,,48.0,16.0,1014.5,1009.9,15.6,28.8
2017-05-17,10.9,24.7,,50.0,29.0,1013.6,1011.5,17.7,23.9
2017-05-18,4.7,22.1,,68.0,33.0,1019.0,1016.1,12.0,21.7
2017-05-19,4.3,22.4,,71.0,33.0,1020.1,1014.8,10.9,21.3
2017-05-20,4.1,26.0,,60.0,22.0,1016.7,1012.8,12.3,25.2
2017-05-21,7.2,29.4,,46.0,20.0,1015.3,1011.5,14.5,28.8
2017-05-22,9.7,30.0,,48.0,20.0,1016.4,1013.9,18.6,29.7
2017-05-23,7.6,27.1,,53.0,27.0,1021.4,1017.8,15.7,26.8
2017-05-24,10.1,26.7,,55.0,29.0,1022.6,1018.6,14.8,25.7
2017-05-25,14.6,26.3,,61.0,36.0,1022.0,1018.6,15.4,25.0
2017-05-26,14.3,27.6,,68.0,27.0,1020.5,1016.1,16.1,27.2
2017-05-27,9.3,28.0,,36.0,16.0,1019.9,1016.9,16.6,27.3
2017-05-28,8.0,24.6,,46.0,25.0,1021.7,1018.8,13.8,23.5
2017-05-29,12.7,22.2,,59.0,34.0,1024.3,1021.7,13.9,21.0
2017-05-30,9.4,22.7,,62.0,32.0,1026.6,1023.6,11.8,22.3
2017-05-31,5.4,20.5,,56.0,32.0,1029.2,1025.3,11.1,20.2
2017-06-01,5.6,19.4,,61.0,22.0,1029.6,1027.1,9.7,18.3
2017-06-02,1.5,19.2,,45.0,18.0,1030.7,1026.7,6.8,17.6
2017-06-03,3.8,19.8,,42.0,22.0,1028.7,1024.1,8.6,18.9
2017-06-04,4.5,18.8,,42.0,26.0,1026.9,1022.4,9.5,18.6
2017-06-05,4.9,20.7,,38.0,11.0,1027.1,1023.9,10.3,19.8
2017-06-06,1.2,20.8,,29.0,6.0,1029.8,1025.9,7.9,19.9
2017-06-07,0.5,21.7,,27.0,19.0,1029.0,1025.0,9.5,20.5
2017-06-08,4.0,20.0,,58.0,26.0,1030.2,1026.7,9.1,19.0
2017-06-09,3.4,19.8,,54.0,23.0,1031.8,1027.7,8.7,18.9
2017-06-10,3.2,18.6,,56.0,29.0,1031.0,1027.2,8.2,17.4
2017-06-11,2.4,19.1,,59.0,24.0,1030.0,1026.2,8.0,18.8
2017-06-12,5.1,19.7,,56.0,29.0,1028.5,1025.8,8.5,19.2
2017-06-13,2.5,21.2,,57.0,32.0,1027.2,1023.0,10.3,20.3
2017-06-14,2.3,21.4,,60.0,28.0,1026.9,1022.8,8.9,20.3
2017-06-15,2.6,22.5,,59.0,24.0,1025.0,1021.4,8.8,22.1
2017-06-16,5.2,24.3,,53.0,24.0,1023.8,1020.0,12.3,23.3
2017-06-17,6.4,23.4,,53.0,25.0,1025.8,1023.0,11.2,23.1
2017-06-18,8.0,20.7,,56.0,32.0,1028.1,1024.3,11.6,20.0
2017-06-19,7.4,20.6,,63.0,33.0,1027.2,1023.3,11.0,20.3
2017-06-20,3.5,21.8,,59.0,27.0,1024.7,1021.2,9.4,20.9
2017-06-21,2.8,23.4,,51.0,24.0,1024.6,1020.3,10.1,22.4
2017-06-22,3.6,25.3,,56.0,21.0,1023.5,1019.1,10.9,24.5
2017-06-23,5.4,26.9,,53.0,24.0,1021.0,1016.8,12.5,26.1
2017-06-24,7.8,27.0,,51.0,24.0,1019.4,1016.5,15.1,26.0
2017-06-25,14.9,,,62.0,36.0,1020.2,1017.9,15.0,20.9
